C�digo prestador;C�digo punto atenci�n;A�o;Mes;Tipo;Prestador nombre;Departamento punto atenci�n;Municipio punto atenci�n;Punto atenci�n nombre;Total personas inscritas;Total personas inscritas hombres;Total personas inscritas mujeres;Total personas inscritas jovenes;Total personas inscritas mujeres jovenes;Total personas inscritas hombres jovenes;Total personas inscritas PcD;Total personas inscritas mujeres PcD;Total personas inscritas hombres PcD;Total personas inscritas Victimas;Total personas inscritas mujeres victimas;Total personas inscritas hombres victimas;Total personas inscritas Migrantes;Total personas inscritas mujeres Migrantes;Total personas inscritas hombres Migrantes;Total personas inscritas Grupo �tnico;Total personas inscritas mujeres Grupo;Total personas inscritas hombres Grupo;Total remisiones a empleadores;Total remisiones a empleadores hombres;Total remisiones a empleadores mujeres;Total remisiones a empleadores victimas;Total remisiones a empleadores mujeres victimas;Total remisiones a empleadores hombres victimas;Total remisiones a empleadores PcD;Total remisiones a empleadores mujeres PcD;Total remisiones a empleadores hombres PcD;Total remisiones a empleadores jovenes;Total remisiones a empleadores mujeres jovenes;Total remisiones a empleadores hombres jovenes;Total remisiones a empleadores Migrantes;Total remisiones a empleadores mujeres Migrantes;Total remisiones a empleadores hombres Migrantes;Total remisiones a empleadores Grupos �tnicos;Total remisiones a empleadores mujeres Grupo;Total remisiones a empleadores hombres Grupo;Total colocados;Total colocados hombres;Total colocados mujeres;Total colocados victimas;Total colocados mujeres victimas;Total colocados hombres victimas;Total colocados PcD;Total colocados mujeres PcD;Total colocados hombres PcD;Total colocados jovenes;Total colocados mujeres jovenes;Total colocados hombres jovenes;Total colocados Migrantes;Total colocados mujeres Migrantes;Total colocados hombres Migrantes;Total colocados Grupo �tnicos;Total colocados Grupo �tnicos mujeres Grupo;Total colocados Grupo �tnicos hombres Grupo;Total empleadores inscritos;Total personas atendidas en entrev�stas de atencion ocupacional;Total personas atendidas en entrev�stas de atencion ocupacional hombres;Total personas atendidas en entrev�stas de atencion ocupacional mujeres;Total Pers. atendidas en entrev�stas de atencion ocupacional Victimas;Total Pers. atendidas en entrev�stas de atencion ocupacional Victimas mujeres;Total Pers. atendidas en entrev�stas de atencion ocupacional Victimas hombres;Total Pers. atendidas en entrev�stas de atencion ocupacional PcD;Total Pers. atendidas en entrev�stas de atencion ocupacional mujeres PcD;Total Pers. atendidas en entrev�stas de atencion ocupacional hombres PcD;Total personas atendidas en entrevistas de orientaci�n ocupacional J�venes;Total personas atendidas en entrevistas de orientaci�n ocupacional J�venes mujeres;Total personas atendidas en entrevistas de orientaci�n ocupacional J�venes hombres;Total personas atendidas en entrevistas de orientaci�n ocupacional Migrantes;Total personas atendidas en entrevistas de orientaci�n ocupacional Migrantes mujeres;Total personas atendidas en entrevistas de orientaci�n ocupacional Migrantes hombres;Total personas atendidas en entrevistas de orientaci�n ocupacional Grupo �tnicos;Total personas atendidas en entrevistas de orientaci�n ocupacional Grupo �tnicos mujeres;Total personas atendidas en entrevistas de orientaci�n ocupacional Grupo �tnicos hombres;Total personas atendidas en actividades grupales de orientaci�n ocupacional;Total personas atendidas en actividades grupales de orientaci�n ocupacional hombres;Total personas atendidas en actividades grupales de orientaci�n ocupacional mujeres;Total personas atendidas en actividades grupales de orientaci�n ocupacional J�venes;Total personas atendidas en actividades grupales de orientaci�n ocupacional J�venes mujeres;Total personas atendidas en actividades grupales de orientaci�n ocupacional J�venes hombres;Total personas atendidas en actividades grupales de orientaci�n ocupacional PcD;Total personas atendidas en actividades grupales de orientaci�n ocupacional PcD mujeres;Total personas atendidas en actividades grupales de orientaci�n ocupacional PcD hombres;Total personas atendidas en actividades grupales de orientaci�n ocupacional V�ctimas;Total personas atendidas en actividades grupales de orientaci�n ocupacional V�ctimas mujeres;Total personas atendidas en actividades grupales de orientaci�n ocupacional V�ctimas hombres;Total personas atendidas en actividades grupales de orientaci�n ocupacional Migrantes;Total personas atendidas en actividades grupales de orientaci�n ocupacional Migrantes mujeres;Total personas atendidas en actividades grupales de orientaci�n ocupacional Migrantes hombres;Total personas atendidas en actividades grupales de orientaci�n ocupacional Grupos �tnicos;Total personas atendidas en actividades grupales de orientaci�n ocupacional Grupos �tnicos mujeres;Total personas atendidas en actividades grupales de orientaci�n ocupacional Grupos �tnicos hombres;N�mero de personas direccionadas a programas de formaci�n y capacitaci�n para el trabajo;N�mero de personas direccionadas a programas de formaci�n y capacitaci�n para el trabajo hombres;N�mero de personas direccionadas a programas de formaci�n en competencias claves y transversales hombres;N�mero de personas direccionadas a programas de formaci�n en tecnolog�as de la informaci�n y las comunicaciones tic hombres;N�mero de personas direccionadas a programas de alfabetizaci�n o bachillerato hombres;N�mero de personas direccionadas a programas de entrenamiento o reentrenamiento t�cnico hombres;N�mero de personas direccionadas a programas de t�cnico laboral hombres;N�mero de personas direccionadas a programas de formaci�n y capacitaci�n para el trabajo mujeres;N�mero de personas direccionadas a programas de formaci�n en competencias claves y transversales mujeres;N�mero de personas direccionadas a programas de formaci�n en tecnolog�as de la informaci�n y las comunicaciones tic mujeres;N�mero de personas direccionadas a programas de alfabetizaci�n o bachillerato mujeres;N�mero de personas direccionadas a programas de entrenamiento o reentrenamiento t�cnico mujeres;N�mero de personas direccionadas a programas de t�cnico laboral mujeres;N�mero de personas que culminaron programas de formaci�n y capacitaci�n para el trabajo;N�mero de personas que culminaron programas de formaci�n y capacitaci�n para el trabajo hombres;N�mero de personas que culminaron programas de formaci�n en competencias claves y transversales hombres;N�mero de personas que culminaron programas de formaci�n en tecnolog�as de la informaci�n y las comunicaciones tic hombres;N�mero de personas que culminaron programas de alfabetizaci�n o bachillerato hombres;N�mero de personas que culminaron programas de entrenamiento o reentrenamiento t�cnico hombres;N�mero de personas que culminaron programas de t�cnico laboral hombres;N�mero de personas que culminaron programas de formaci�n y capacitaci�n para el trabajo mujeres;N�mero de personas que culminaron programas de formaci�n en competencias claves y transversales mujeres;N�mero de personas que culminaron programas de formaci�n en tecnolog�as de la informaci�n y las comunicaciones tic mujeres;N�mero de personas que culminaron programas de alfabetizaci�n o bachillerato mujeres;N�mero de personas que culminaron programas de entrenamiento o reentrenamiento t�cnico mujeres;N�mero de personas que culminaron programas de t�cnico laboral mujeres;Total de personas direccionadas a programas de emprendimiento;N�mero de personas direccionadas a programas de emprendimiento hombres;N�mero de personas direccionadas a programas de emprendimiento mujeres;Total PQRS radicados;Presta servicios de gesti�n y colocaci�n de empleo en el exterior;Total hojas vida remitidas exterior;Total hojas vida remitidas exterior hombres;Total hojas vida remitidas exterior mujeres;Total personas colocadas exterior;Total personas colocadas exterior hombres;Total personas colocadas exterior mujeres;Total empleadores registrados exterior;Total vacantes registradas exterior;Punto atencion correo;Punto atencion direcci�n;Punto atencion fecha registro;Observaciones;Coordinador nombre;Coordinador correo;Coordinador tel�fono;Coordinador celular;Responsable nombre;Responsable correo;Responsable tel�fono;Responsable celular
22119;22119001;2023;11;Bolsa;Universidad Del Atl�ntico;Colombia;Nacional;UNIVERSIDAD DEL ATL�NTICO ANTIGUA V�A A PUERTO COLOMBIA;94;46;48;0;0;0;0;0;0;0;0;0;0;0;0;0;0;0;2;1;1;0;0;0;0;0;0;0;0;0;0;0;0;0;0;0;0;0;0;0;0;0;0;0;0;0;0;0;0;0;0;0;0;0;2;0;0;0;0;0;0;0;0;0;0;0;0;0;0;0;0;0;0;0;0;0;0;0;0;0;0;0;0;0;0;0;0;0;0;0;0;0;0;0;0;0;0;0;0;0;0;0;0;0;0;0;0;0;0;0;0;0;0;0;0;0;0;0;0;0;0;0;0;0;0;0;0;0;0;0; oscarmarriaga@mail.uniatlantico.edu.co;http://tutrabajo.uniatlantico.edu.co;29/11/2020;Todo ok;Luisa Fernanda Ram�rez Juvinao;luisaramirez@mail.uniatlantico.edu.co;3012470712;3012470712;Luisa Fernanda Ram�rez Juvinao;luisaramirez@mail.uniatlantico.edu.co;3012470712;3012470712
22170;22170001;2023;11;Bolsa;Polit�cnico Internacional;Colombia;Nacional;POLIT�CNICO INTERNACIONAL VIRTUAL;400;185;215;400;215;185;0;0;0;0;0;0;0;0;0;0;0;0;154;44;110;0;0;0;0;0;0;154;110;44;0;0;0;0;0;0;21;10;11;0;0;0;0;0;0;12;7;5;0;0;0;0;0;0;1;81;36;45;0;0;0;0;0;0;81;45;36;0;0;0;0;0;0;0;0;0;0;0;0;0;0;0;0;0;0;0;0;0;0;0;0;0;0;0;0;0;0;0;0;0;0;0;0;0;0;0;0;0;0;0;0;0;0;0;0;0;0;0;0;0;1;0;0;0;0;0;0;0;0;0;mariajuliana.marroquin@pi.edu.co;http://bolsadeempleo.politecnicointernacional.edu.co/;29/11/2020;Reporte Servicio Publico de Empleo Agosto 2023;Mar�a Juliana Marroqu�n ;mariajuliana.marroquin@pi.edu.co;;;Mar�a Juliana Marroqu�n ;mariajuliana.marroquin@pi.edu.co;;
22133;22133020;2023;11;Bolsa;Corporaci�n Universitaria Minuto De Dios-uniminuto;Cundinamarca;Madrid;CORPORACI�N UNIVERSITARIA MINUTO DE DIOS-UNIMINUTO;90;25;65;0;0;0;0;0;0;0;0;0;0;0;0;0;0;0;29;9;20;0;0;0;0;0;0;0;0;0;0;0;0;0;0;0;4;0;4;0;0;0;0;0;0;0;0;0;1;1;0;0;0;0;3;9;2;7;0;0;0;0;0;0;0;0;0;0;0;0;0;0;0;102;25;77;0;0;0;0;0;0;0;0;0;0;0;0;0;0;0;0;0;0;0;0;0;0;0;0;0;0;0;0;0;0;0;0;0;0;0;0;0;0;0;0;0;0;0;0;0;0;0;0;0;0;0;0;0;0;gina.santana@uniminuto.edu;Centro Regional Madrid UNIMINUTO CALLE 7 No 3-58/60, BARRIO VERGEL;29/11/2020;Ninguna;Lina Andrea Lozano ;lina.lozano@uniminuto.edu;;;SAMANTHA AGUILAR PAIPILLA;nellers.aguilar@uniminuto.edu;;3003271371
22166;22166001;2023;11;Bolsa;Universidad Ean;Colombia;Nacional;UNIVERSIDAD EAN VIRTUAL;32;14;18;0;0;0;0;0;0;0;0;0;0;0;0;0;0;0;9;4;5;0;0;0;0;0;0;0;0;0;0;0;0;0;0;0;2;0;2;0;0;0;0;0;0;0;0;0;0;0;0;0;0;0;844;11;4;7;0;0;0;0;0;0;0;0;0;0;0;0;0;0;0;0;0;0;0;0;0;0;0;0;0;0;0;0;0;0;0;0;0;266;102;102;0;0;0;0;164;164;0;0;0;0;0;0;0;0;0;0;0;0;0;0;0;0;0;0;0;0;0;0;0;0;0;0;0;0;0;0;mfernandezg@universidadean.edu.co;http://oportunidadeslaborales.universidadean.edu.co/universidad-ean;29/11/2020;N/A;Carolina Jurado Ram�rez;empleabilidad@universidadean.edu;3195154955;3195154955;Martha Luc�a Prieto;empleabilidad@universidadean.edu.co;3013332987;3013332987
22068;22068003;2023;11;Bolsa;Corporaci�n Universidad Piloto De Colombia;Colombia;Nacional;CORPORACION UNIVERSIDAD PILOTO DE COLOMBIA VIRTUAL;15;11;4;0;0;0;0;0;0;0;0;0;0;0;0;0;0;0;92;57;35;0;0;0;0;0;0;0;0;0;0;0;0;0;0;0;0;0;0;0;0;0;0;0;0;0;0;0;0;0;0;0;0;0;10;0;0;0;0;0;0;0;0;0;0;0;0;0;0;0;0;0;0;95;53;42;0;0;0;0;0;0;0;0;0;0;0;0;0;0;0;0;0;0;0;0;0;0;0;0;0;0;0;0;0;0;0;0;0;0;0;0;0;0;0;0;0;0;0;0;2;0;0;0;0;0;0;0;0;0;"marcela-held@unipiloto.edu.co; egresados@unipiloto.edu.co";http://egresados.unipiloto.edu.co/universidad-piloto?v2=true;29/11/2020;ninguna;MARCELA HELD GOMEZ;marcela-held@unipiloto.edu.co;;;MARCELA HELD GOMEZ;marcela-held@unipiloto.edu.co;;
22322;2232201;2023;11;Bolsa;FUNDACION UNIVERSITARIA DE SAN GIL;Santander;San Gil;FUNDACION UNIVERSITARIA DE SAN GIL;1;0;1;0;0;0;0;0;0;0;0;0;0;0;0;0;0;0;0;0;0;0;0;0;0;0;0;0;0;0;0;0;0;0;0;0;0;0;0;0;0;0;0;0;0;0;0;0;0;0;0;0;0;0;0;1;0;1;0;0;0;0;0;0;0;0;0;0;0;0;0;0;0;0;0;0;0;0;0;0;0;0;0;0;0;0;0;0;0;0;0;0;0;0;0;0;0;0;0;0;0;0;0;0;0;0;0;0;0;0;0;0;0;0;0;0;0;0;0;0;0;0;0;0;0;0;0;0;0;0;egresados@unisangil.edu.co;https://elempleo.com/co/sitio-empresarial/sangil;;Ninguna;Sonia Luz Mu�oz Gutierrez;egresados@unisangil.edu.co;;3173633651;Sonia Luz Mu�oz Gutierrez;egresados@unisangil.edu.co;;3173633651
22207;22207002;2023;11;Bolsa;Uniagustiniana;Colombia;Nacional;UNIAGUSTINIANA VIRTUAL;127;50;77;0;0;0;0;0;0;0;0;0;0;0;0;0;0;0;140;57;83;0;0;0;0;0;0;0;0;0;0;0;0;0;0;0;0;0;0;0;0;0;0;0;0;0;0;0;0;0;0;0;0;0;55;5;1;4;0;0;0;0;0;0;0;0;0;0;0;0;0;0;0;0;0;0;0;0;0;0;0;0;0;0;0;0;0;0;0;0;0;0;0;0;0;0;0;0;0;0;0;0;0;0;0;0;0;0;0;0;0;0;0;0;0;0;0;0;0;0;8;0;0;0;0;0;0;0;0;0;"empleabilidad@uniagustiniana.edu.co; proyeccionsocial@uniagustiniana.edu.co";https://empleo.uniagustiniana.edu.co/universitaria-agustiniana;29/11/2020;N/A;MAR�A DEL PILAR CARLOS NAVARRO;empleabilidad@uniagustiniana.edu.co;;;MAR�A DEL PILAR CARLOS NAVARRO;empleabilidad@uniagustiniana.edu.co;;
14224;14224001;2023;11;Agencia;Gente Competente;Antioquia;Medell�n;GENTE COMPETENTE EL POBLADO;214;152;62;29;8;21;0;0;0;0;0;0;25;12;13;0;0;0;46;32;14;0;0;0;0;0;0;7;3;4;1;1;0;0;0;0;4;3;1;0;0;0;0;0;0;0;0;0;1;1;0;0;0;0;4;3;1;2;0;0;0;0;0;0;1;1;0;0;0;0;0;0;0;42;17;25;35;21;14;0;0;0;0;0;0;5;2;3;0;0;0;0;0;0;0;0;0;0;0;0;0;0;0;0;0;0;0;0;0;0;0;0;0;0;0;0;0;0;0;0;0;0;0;0;0;0;0;0;0;0;katherin.ramirez@gentecompetente.com;http://www.gentecompetente.com;2021-15-03;Realizamos el cierre exitoso de 4 procesos de selecci�n, donde una seleccionada es mujer joven y de nacionalidad venezolana, los otros 3 son adultos jovenes. Realizamos 4 talleres  Orientaci�n Ocupacional para J�venes y competencias b�sicas con una asistencia de 40 jovenes y 2 adultos. Reporte del mes de agosto 2023;Diego Alejandr Garc�a Carmona;diego.garcia@gentecompetente.com;;3148564205;Diego Alejandr Garc�a Carmona;diego.garcia@gentecompetente.com;;3148564205
14224;14224002;2023;11;Agencia;Gente Competente;Colombia;Nacional;GENTE COMPETENTE EL POBLADO;0;0;0;0;0;0;0;0;0;0;0;0;0;0;0;0;0;0;0;0;0;0;0;0;0;0;0;0;0;0;0;0;0;0;0;0;0;0;0;0;0;0;0;0;0;0;0;0;0;0;0;0;0;0;4;0;0;0;0;0;0;0;0;0;0;0;0;0;0;0;0;0;0;0;0;0;0;0;0;0;0;0;0;0;0;0;0;0;0;0;0;0;0;0;0;0;0;0;0;0;0;0;0;0;0;0;0;0;0;0;0;0;0;0;0;0;0;0;0;0;0;0;0;0;0;0;0;0;0;0;katherin.ramirez@gentecompetente.com;http://www.gentecompetente.com;29/11/2020;Reporte del mes de agosto 2023, se reporta 4 empleadores registrados, todo lo demas se realizo en presencial (reportando en el centro de empleo: proceso de seleccion y orientacion ocupacional);Diego Alejandr Garc�a Carmona;diego.garcia@gentecompetente.com;;3148564205;Diego Alejandr Garc�a Carmona;diego.garcia@gentecompetente.com;;3148564205
22223;22223015;2023;11;Bolsa;Universidad Cooperativa De Colombia;Valle Del Cauca;Cali;CALI;38;14;24;0;0;0;0;0;0;0;0;0;0;0;0;0;0;0;7;0;7;0;0;0;0;0;0;0;0;0;0;0;0;0;0;0;0;0;0;0;0;0;0;0;0;0;0;0;0;0;0;0;0;0;1;0;0;0;0;0;0;0;0;0;0;0;0;0;0;0;0;0;0;0;0;0;0;0;0;0;0;0;0;0;0;0;0;0;0;0;0;0;0;0;0;0;0;0;0;0;0;0;0;0;0;0;0;0;0;0;0;0;0;0;0;0;0;0;0;0;0;1;0;0;0;0;0;0;0;0;reina.duque@ucc.edu.co;CARRERA73 # 2 A -80 BLOQUE 2;29/11/2020;SIN OBSERVACIONES;Ingrid Suley Henao Guevara;bolsaempleo.cal@campusucc.edu.co;;;Ingrid Suley Henao Guevara;bolsaempleo.cal@campusucc.edu.co;;
15245;15245003;2023;11;Agencia;Editorial Kuepa;Bogot�, D.c.;Bogot�, D.c.;EDITORIAL KUEPA;322;140;182;152;73;79;1;1;0;15;9;6;18;7;11;12;5;7;322;140;182;15;9;6;1;1;0;152;73;79;18;7;11;12;5;7;11;9;2;0;0;0;0;0;0;9;2;7;0;0;0;0;0;0;6;322;140;182;15;9;6;1;1;0;152;73;79;18;7;11;12;5;7;0;0;0;0;0;0;0;0;0;0;0;0;0;0;0;0;0;0;81;31;20;0;0;11;0;50;34;0;0;16;0;81;31;20;0;0;11;0;50;34;0;0;16;0;0;0;0;0;0;0;0;0;0;0;0;0;0;;CALLE 72 # 13-34;44492;Se aumentaron los n�meros de atenci�n debido a la participaci�n de la agencia en el programa Pago por Resultados;;;;;Paula Alejandra Chaves Mart�nez;paula.chaves@kuepa.com;3006525495;3006525495
22125;22125007;2023;11;Bolsa;Universidad San Buenaventura;Colombia;Nacional;PUNTO VIRTUAL RESTRINGIDO- CARTAGENA;26;9;17;26;17;9;0;0;0;0;0;0;0;0;0;0;0;0;10;3;7;0;0;0;0;0;0;10;7;3;0;0;0;0;0;0;1;0;1;0;0;0;0;0;0;0;0;0;0;0;0;0;0;0;3;0;0;0;0;0;0;0;0;0;0;0;0;0;0;0;0;0;0;0;0;0;0;0;0;0;0;0;0;0;0;0;0;0;0;0;0;0;0;0;0;0;0;0;0;0;0;0;0;0;0;0;0;0;0;0;0;0;0;0;0;0;0;0;0;0;0;0;0;0;0;0;0;0;0;0;"bolsadeempleo@usbmed.edu.co; egresados@usbmed.edu.co";http://tutrabajo.usbcartagena.edu.co;29/11/2020;No aplica;Sandra Milena Arias Giraldo;bolsadeempleo@usbmed.edu.co;;;Sergio Montoya Su�rez;egresados@usbctg.edu.co;3157272362;3157272362
22223;22223009;2023;11;Bolsa;Universidad Cooperativa De Colombia;Santander;Barrancabermeja;BARRANCABERMEJA;1;1;0;1;0;1;0;0;0;0;0;0;0;0;0;0;0;0;9;8;1;0;0;0;0;0;0;0;0;0;0;0;0;0;0;0;0;0;0;0;0;0;0;0;0;0;0;0;0;0;0;0;0;0;11;20;12;8;0;0;0;0;0;0;0;0;0;0;0;0;0;0;0;28;16;12;0;0;0;0;0;0;0;0;0;0;0;0;0;0;0;0;0;0;0;0;0;0;0;0;0;0;0;0;0;0;0;0;0;0;0;0;0;0;0;0;0;0;0;0;0;0;0;0;0;0;0;0;0;0;reina.duque@ucc.edu.co;CALLE 57 ENTRE CARRERAS 24 Y 27 BARRIO GAL�N;29/11/2020;0;Juan Carlos Lizarazo Pinilla;bolsaempleo.bar@campusucc.edu.co;;;Juan Carlos Lizarazo Pinilla;bolsaempleo.bar@campusucc.edu.co;;
22103;22103003;2023;11;Bolsa;Pontificia Universidad Javeriana;Colombia;Nacional;PONTIFICIA UNIVERSIDAD JAVERIANA VIRTUAL;339;176;163;0;0;0;0;0;0;0;0;0;0;0;0;0;0;0;1841;1221;620;0;0;0;0;0;0;0;0;0;0;0;0;0;0;0;7;4;3;0;0;0;0;0;0;0;0;0;0;0;0;0;0;0;49;13;9;4;0;0;0;0;0;0;0;0;0;0;0;0;0;0;0;0;0;0;0;0;0;0;0;0;0;0;0;0;0;0;0;0;0;0;0;0;0;0;0;0;0;0;0;0;0;0;0;0;0;0;0;0;0;0;0;0;0;0;0;0;0;0;0;0;0;0;0;0;0;0;0;0;INGRID-REDONDO@JAVERIANA.EDU.CO;https://empleoegresados.javeriana.edu.co/#/reports;29/11/2020;"Reporte diligenciado el 4 de septiembre 2023
Numero de personas colocadas reportado por los empleadores
Se reporta en 0 el N�mero de personas atendidas en actividades grupales de orientaci�n ocupacional pues en el mes de agosto no se realizaron estas actividades";INGRID LORENA REDONDO MORENO;INGRID-REDONDO@JAVERIANA.EDU.CO;;;INGRID LORENA REDONDO MORENO;lpaniagua@javeriana.edu.co;;
22113;22113002;2023;11;Bolsa;Universidad Catolica De Oriente;Colombia;Nacional;UNIVERSIDAD CATOLICA DE ORIENTE VIRTUAL-ANTIOQUIA;4;1;3;4;3;1;0;0;0;0;0;0;0;0;0;0;0;0;4;1;3;0;0;0;0;0;0;4;3;1;0;0;0;0;0;0;0;0;0;0;0;0;0;0;0;0;0;0;0;0;0;0;0;0;1;0;0;0;0;0;0;0;0;0;0;0;0;0;0;0;0;0;0;0;0;0;0;0;0;0;0;0;0;0;0;0;0;0;0;0;0;0;0;0;0;0;0;0;0;0;0;0;0;0;0;0;0;0;0;0;0;0;0;0;0;0;0;0;0;0;0;0;0;0;0;0;0;0;0;0;egresado.jefe@uco.edu.co;http://trabajemos.uco.edu.co/;29/11/2020;N/A;M�nica Liliana L�pez Garc�a;egresado.jefe@uco.edu.co;;;M�nica Liliana L�pez Garc�a;egresado.jefe@uco.edu.co;;
14297;14297001;2023;11;Agencia;GESTI�N ESTRAT�GICA DEL TALENTO HUMANO SAS;Colombia;Nacional;GESTI�N ESTRAT�GICA DEL TALENTO HUMANO SAS;8571;3602;4969;0;0;0;0;0;0;0;0;0;0;0;0;0;0;0;7826;3372;4454;0;0;0;0;0;0;0;0;0;0;0;0;0;0;0;130;60;70;0;0;0;0;0;0;0;0;0;0;0;0;0;0;0;55;210;90;120;0;0;0;0;0;0;0;0;0;0;0;0;0;0;0;310;130;180;0;0;0;0;0;0;0;0;0;0;0;0;0;0;0;0;0;0;0;0;0;0;0;0;0;0;0;0;0;0;0;0;0;0;0;0;0;0;0;0;0;0;0;0;8;0;0;0;0;0;0;0;0;0;�contacto@okempleos.com;WWW.OKEMPLEOS.COM;13/04/2021;Buenos d�as, se env�a reporte del mes de agosto.;Clara In�s Rodr�guez Calder�n;clara.rodriguez@gesth.net;3186064112;3186064112;Clara In�s Rodr�guez Calder�n;clara.rodriguez@gesth.net;3186064112;3186064112
22177;22177002;2023;11;Bolsa;Fundaci�n Universidad Externado De Colombia;Colombia;Nacional;Fundaci�n Universidad Externado de Colombia-Virtual Restringido;58;31;27;0;0;0;0;0;0;0;0;0;0;0;0;0;0;0;159;108;51;0;0;0;0;0;0;0;0;0;0;0;0;0;0;0;4;4;0;0;0;0;0;0;0;0;0;0;0;0;0;0;0;0;23;25;15;10;0;0;0;0;0;0;0;0;0;0;0;0;0;0;0;0;0;0;0;0;0;0;0;0;0;0;0;0;0;0;0;0;0;0;0;0;0;0;0;0;0;0;0;0;0;0;0;0;0;0;0;0;0;0;0;0;0;0;0;0;0;0;1;0;0;0;0;0;0;0;0;0;ofiegresados@uexternado.edu.co;http://bolsadeempleo.uexternado.edu.co;29/11/2020;Sin novedad;Margarita  Useche Meneses;ofiegresados@uexternado.edu.co;;;Margarita  Useche Meneses;ofiegresados@uexternado.edu.co;;
22133;22133011;2023;11;Bolsa;Corporaci�n Universitaria Minuto De Dios-uniminuto;Huila;Neiva;CORPORACI�N UNIVERSITARIA MINUTO DE DIOS-UNIMINUTO;231;68;163;210;150;60;0;0;0;0;0;0;0;0;0;0;0;0;130;40;90;0;0;0;0;0;0;118;80;38;0;0;0;0;0;0;10;3;7;0;0;0;0;0;0;6;3;3;0;0;0;0;0;0;8;21;8;13;0;0;0;0;0;0;19;11;8;0;0;0;0;0;0;20;2;18;18;16;2;0;0;0;0;0;0;0;0;0;0;0;0;0;0;0;0;0;0;0;0;0;0;0;0;0;0;0;0;0;0;0;0;0;0;0;0;0;0;0;0;0;0;0;0;0;0;0;0;0;0;0;gina.santana@uniminuto.edu;CALLE 18 # 5A - 31 BARRIO QUIRINAL ;29/11/2020;Ninguno;Nelcy  Rivera Perdomo;nelcy.rivera@uniminuto.edu;;;HELLEN JOHNLUZ GUERRERO ARGUELLO;hellen.guerrero@uniminuto.edu;;3123733846
22338;22338001;2023;11;Bolsa;UNIVERSIDAD DE IBAGUE;;Nacional;UNIVERSIDAD DE IBAGUE;0;0;0;0;0;0;0;0;0;0;0;0;0;0;0;0;0;0;0;0;0;0;0;0;0;0;0;0;0;0;0;0;0;0;0;0;0;0;0;0;0;0;0;0;0;0;0;0;0;0;0;0;0;0;4;0;0;0;0;0;0;0;0;0;0;0;0;0;0;0;0;0;0;0;0;0;0;0;0;0;0;0;0;0;0;0;0;0;0;0;0;0;0;0;0;0;0;0;0;0;0;0;0;0;0;0;0;0;0;0;0;0;0;0;0;0;0;0;0;0;0;0;0;0;0;0;0;0;0;0;bleidy.escamilla@unibague.edu.co;"	https://upe.unibague.edu.co/";25/04/2023;De acuerdo a la Plataforma Join Up agregamos los empleadores activos en el mes de Agosto, teniendo en cuenta que a la fecha �nicamente se esta utilizando para pr�ctica profesional.;Gloria Leonor Ortiz Morales;gloria.ortiz@unibague.edu.co;3132813226;3132813226;Gloria Leonor Ortiz Morales;gloria.ortiz@unibague.edu.co;3132813226;3132813226
22264;22264001;2023;11;Bolsa;Polit�cnico Colombiano Jaime Isaza Cadavid;Colombia;Nacional;Polit�cnico Colombiano Jaime Isaza Cadavis-Medell�n;184;96;88;0;0;0;0;0;0;0;0;0;0;0;0;0;0;0;0;0;0;0;0;0;0;0;0;0;0;0;0;0;0;0;0;0;0;0;0;0;0;0;0;0;0;0;0;0;0;0;0;0;0;0;37;10;7;3;0;0;0;0;0;0;0;0;0;0;0;0;0;0;0;0;0;0;0;0;0;0;0;0;0;0;0;0;0;0;0;0;0;0;0;0;0;0;0;0;0;0;0;0;0;0;0;0;0;0;0;0;0;0;0;0;0;0;0;223;197;26;0;0;0;0;0;0;0;0;0;0;"nfescobar@elpoli.edu.co; empleograduados@elpoli.edu.co";http://www2.politecnicojic.edu.co/polidinamico/poligraduadosbolsa/pdgrmenubolsa.php;29/11/2020;En este per�odo se encuentran abiertas 15 convocatorias  de empleo hasta el 30 de septiembre;Nicolas Fernando Escobar;nfescobar@elpoli.edu.co;;;Nicolas Fernando Escobar;nfescobar@elpoli.edu.co;;
14182;14182003;2023;11;Agencia;SERES CONSULTING;Colombia;Nacional;SERES CONSULTING;145262;66350;78912;62355;34618;27737;0;0;0;0;0;0;0;0;0;0;0;0;33;11;22;0;0;0;0;0;0;0;0;0;0;0;0;0;0;0;2;0;2;0;0;0;0;0;0;0;0;0;0;0;0;0;0;0;2;27;11;16;0;0;0;0;0;0;0;0;0;0;0;0;0;0;0;0;0;0;0;0;0;0;0;0;0;0;0;0;0;0;0;0;0;0;0;0;0;0;0;0;0;0;0;0;0;0;0;0;0;0;0;0;0;0;0;0;0;0;0;0;0;0;0;0;0;0;0;0;0;0;0;0;gbustillo@seresconsulting.com;www.seresconsulting.com;16/04/2021;N/A;;;;;Bibiana Vargas Yemail;bvargas@seresconsulting.com;321 541 9178;321 541 9178
14182;14182001;2023;11;Agencia;SERES CONSULTING;Bol�var;Cartagena;SERES CONSULTING SAS;0;0;0;0;0;0;0;0;0;0;0;0;0;0;0;0;0;0;0;0;0;0;0;0;0;0;0;0;0;0;0;0;0;0;0;0;0;0;0;0;0;0;0;0;0;0;0;0;0;0;0;0;0;0;0;0;0;0;0;0;0;0;0;0;0;0;0;0;0;0;0;0;0;0;0;0;0;0;0;0;0;0;0;0;0;0;0;0;0;0;0;0;0;0;0;0;0;0;0;0;0;0;0;0;0;0;0;0;0;0;0;0;0;0;0;0;0;0;0;0;0;0;0;0;0;0;0;0;0;0;;Cra 2 No.9-145 -Bocagrande-Edificio Nautilus Trade Center -Oficina 401;44492;N/A;;;;;Bibiana Vargas Yemail;bvargas@seresconsulting.com;321 541 9178;321 541 9178
22223;22223014;2023;11;Bolsa;Universidad Cooperativa De Colombia;Bogot�, D.c.;Bogot�, D.c.;BOGOT�;19;12;7;12;4;8;0;0;0;0;0;0;0;0;0;0;0;0;880;315;565;0;0;0;0;0;0;425;278;147;0;0;0;0;0;0;0;0;0;0;0;0;0;0;0;0;0;0;0;0;0;0;0;0;23;0;0;0;0;0;0;0;0;0;0;0;0;0;0;0;0;0;0;0;0;0;0;0;0;0;0;0;0;0;0;0;0;0;0;0;0;0;0;0;0;0;0;0;0;0;0;0;0;0;0;0;0;0;0;0;0;0;0;0;0;0;0;0;0;0;0;0;0;0;0;0;0;0;0;0;reina.duque@ucc.edu.co;CALLE 39 No 14-18/Bloque 10;29/11/2020;N/A;Elizabeth Barrgan Barrera;elizabeth.barragan@ucc.edu.co;;;Daniela Gallego;daniela.gallegov@ucc.edu.co;;3218896949
14237;14237001;2023;11;Agencia;Linajje Sas;Colombia;Nacional;Linajje virtual;1059;591;468;600;247;353;0;0;0;0;0;0;5;0;5;0;0;0;188;90;98;0;0;0;0;0;0;114;56;58;0;0;0;0;0;0;266;168;98;0;0;0;0;0;0;163;60;103;3;0;3;0;0;0;0;1;1;0;0;0;0;0;0;0;0;0;0;0;0;0;0;0;0;13;8;5;0;0;0;0;0;0;0;0;0;0;0;0;0;0;0;0;0;0;0;0;0;0;0;0;0;0;0;0;0;0;0;0;0;0;0;0;0;0;0;0;0;0;0;0;0;0;0;0;0;0;0;0;0;0;direccion@applica.uno;http://www.applica.uno;29/11/2020;Ninguna;Diana Maria Lopez Restrepo;direccion@applica.uno;;;Diana Maria Lopez Restrepo;direccion@applica.uno;;
14340;14340001;2023;11;Agencia;Key Executives Headhunter S.a.s.;Colombia;Nacional;PUNTO VIRTUAL;160;93;67;0;0;0;0;0;0;0;0;0;0;0;0;0;0;0;29;18;11;0;0;0;0;0;0;0;0;0;0;0;0;0;0;0;4;0;4;0;0;0;0;0;0;0;0;0;0;0;0;0;0;0;3;0;0;0;0;0;0;0;0;0;0;0;0;0;0;0;0;0;0;0;0;0;0;0;0;0;0;0;0;0;0;0;0;0;0;0;0;0;0;0;0;0;0;0;0;0;0;0;0;0;0;0;0;0;0;0;0;0;0;0;0;0;0;0;0;0;0;0;0;0;0;0;0;0;0;0;heylin.delvillar@keyexecutives.co;https://www.keyexecutives.co;29/11/2020;ninguna;Heylin  Del Villar ;heylin.delvillar@keyexecutives.co;;;Heylin  Del Villar ;heylin.delvillar@keyexecutives.co;;
22223;22223001;2023;11;Bolsa;Universidad Cooperativa De Colombia;Antioquia;Medell�n;MEDELL�N;4;3;1;0;0;0;0;0;0;0;0;0;0;0;0;0;0;0;3;1;2;0;0;0;0;0;0;0;0;0;0;0;0;0;0;0;0;0;0;0;0;0;0;0;0;0;0;0;0;0;0;0;0;0;2;8;4;4;0;0;0;0;0;0;8;4;4;0;0;0;0;0;0;0;0;0;0;0;0;0;0;0;0;0;0;0;0;0;0;0;0;0;0;0;0;0;0;0;0;0;0;0;0;0;0;0;0;0;0;0;0;0;0;0;0;0;0;0;0;0;0;1;0;0;0;0;0;0;0;0;reina.duque@ucc.edu.co;CALLE 50 No 41-70 BLOQUE 2;29/11/2020;En el mes de agosto no se realizaron conferencias a egresados ni estudiantes;Ana Paulina Valderrama;bolsaempleo.med@campusucc.edu.co;;;Ana Paulina Valderrama;bolsaempleo.med@campusucc.edu.co;;
22133;22133008;2023;11;Bolsa;Corporaci�n Universitaria Minuto De Dios-uniminuto;Meta;Villavicencio;CORPORACI�N UNIVERSITARIA MINUTO DE DIOS-UNIMINUTO;19;7;12;10;7;3;0;0;0;0;0;0;0;0;0;0;0;0;40;17;23;0;0;0;0;0;0;31;21;10;0;0;0;0;0;0;10;6;4;0;0;0;0;0;0;5;1;4;0;0;0;0;0;0;2;160;65;95;0;0;0;0;0;0;148;89;59;0;0;0;1;1;0;211;79;132;209;131;78;0;0;0;21;17;4;0;0;0;3;3;0;0;0;0;0;0;0;0;0;0;0;0;0;0;0;0;0;0;0;0;0;0;0;0;0;0;0;1;1;0;0;0;0;0;0;0;0;0;0;0;gina.santana@uniminuto.edu;CALLE 40 No. 33a-19 Barrio Centro ;29/11/2020;Ninguno;Lina Andrea Lozano ;lina.lozano@uniminuto.edu.co ;;;Nidia Janeth Su�rez Velasco;nidia.suarez@uniminuto.edu;320 3991930;320 3991930
22133;22133017;2023;11;Bolsa;Corporaci�n Universitaria Minuto De Dios-uniminuto;Nari�o;Pasto;CORPORACI�N UNIVERSITARIA MINUTO DE DIOS-UNIMINUTO;39;15;24;0;0;0;0;0;0;0;0;0;0;0;0;0;0;0;31;16;15;0;0;0;0;0;0;0;0;0;0;0;0;0;0;0;3;1;2;0;0;0;0;0;0;0;0;0;0;0;0;0;0;0;4;11;3;8;0;0;0;0;0;0;0;0;0;0;0;0;0;0;0;136;39;97;0;0;0;0;0;0;0;0;0;0;0;0;0;0;0;0;0;0;0;0;0;0;0;0;0;0;0;0;0;0;0;0;0;0;0;0;0;0;0;0;0;0;0;0;0;0;0;0;0;0;0;0;0;0;gina.santana@uniminuto.edu;CARRERA 27 # 18-26;29/11/2020;No aplica;Lina Andrea Lozano ;lina.lozano@uniminuto.edu;;;Dennis Jonathan Paredes Bola�os;dennis.paredes@uniminuto.edu;3168441980;3168441980
14306;14306001;2023;11;Agencia;Acierta Headhunter S.A.S.;Bogot�, D.c.;Bogot�, D.c.;ACIERTA;78;40;38;0;0;0;0;0;0;0;0;0;0;0;0;0;0;0;75;48;27;0;0;0;0;0;0;0;0;0;0;0;0;0;0;0;2;1;1;0;0;0;0;0;0;0;0;0;0;0;0;0;0;0;8;46;21;25;0;0;0;0;0;0;0;0;0;0;0;0;0;0;0;0;0;0;0;0;0;0;0;0;0;0;0;0;0;0;0;0;0;0;0;0;0;0;0;0;0;0;0;0;0;0;0;0;0;0;0;0;0;0;0;0;0;0;0;0;0;0;0;0;0;0;0;0;0;0;0;0;info@acierta.info;Carrera 4� No. 73-71;29/11/2020;ninguna;ANDRES  FORERO ;info@acierta.info;;;ANDRES  FORERO ;info@acierta.info;;
22218;22218001;2023;11;Bolsa;Universidad Del Cauca;Colombia;Nacional;UNIVERSIDAD DEL CAUCA;48;28;20;0;0;0;0;0;0;0;0;0;0;0;0;0;0;0;66;38;28;0;0;0;0;0;0;0;0;0;0;0;0;0;0;0;17;9;8;0;0;0;0;0;0;17;8;9;0;0;0;0;0;0;6;24;8;16;0;0;0;0;0;0;0;0;0;0;0;0;0;0;0;0;0;0;0;0;0;0;0;0;0;0;0;0;0;0;0;0;0;0;0;0;0;0;0;0;0;0;0;0;0;0;0;0;0;0;0;0;0;0;0;0;0;0;0;0;0;0;16;0;0;0;0;0;0;0;0;0;jvarona@unicauca.edu.co;http://oportunidadeslaborales.portal.unicauca.edu.co;29/11/2020;Ninguna;Juan Carlos Varona Alb�n;jvarona@unicauca.edu.co;;;ANGELA MILENA VELASCO L�PEZ;egresados@unicauca.edu.co;;
22118;22118002;2023;11;Bolsa;Universidad De Los Andes;Colombia;Nacional;UNIVERSIDAD DE LOS ANDES;438;267;171;0;0;0;0;0;0;0;0;0;0;0;0;0;0;0;5700;4540;1160;0;0;0;0;0;0;0;0;0;0;0;0;0;0;0;13;8;5;0;0;0;0;0;0;0;0;0;0;0;0;0;0;0;37;59;24;35;0;0;0;0;0;0;0;0;0;0;0;0;0;0;0;62;37;25;0;0;0;0;0;0;0;0;0;0;0;0;0;0;0;0;0;0;0;0;0;0;0;0;0;0;0;0;0;0;0;0;0;0;0;0;0;0;0;0;0;0;0;0;15;1;15;15;0;0;0;0;5;5;mc.venegas587@uniandes.edu.co;http://ctp.uniandes.edu.co;29/11/2020;NINGUNA;Mar�a Camila Venegas S�nchez;mc.venegas587@uniandes.edu.co;;;Millerlandy Leal Guti�rrez;mileal@uniandes.edu.co;339 49 49 ext: 2074;316 757 90 08
22133;22133009;2023;11;Bolsa;Corporaci�n Universitaria Minuto De Dios-uniminuto;Colombia;Nacional;CORPORACI�N UNIVERSITARIA MINUTO DE DIOS-UNIMINUTO;79;25;54;0;0;0;0;0;0;0;0;0;0;0;0;0;0;0;0;0;0;0;0;0;0;0;0;0;0;0;0;0;0;0;0;0;0;0;0;0;0;0;0;0;0;0;0;0;0;0;0;0;0;0;2;79;25;54;0;0;0;0;0;0;0;0;0;0;0;0;0;0;0;0;0;0;0;0;0;0;0;0;0;0;0;0;0;0;0;0;0;72;23;23;0;0;0;0;49;49;0;0;0;0;72;23;23;0;0;0;0;49;49;0;0;0;0;0;0;0;0;0;0;0;0;0;0;0;0;0;gina.santana@uniminuto.edu;http://empleabilidad.uniminuto.edu;19/03/2021;N/A.;HUMBERTO PUELLO;hpuello@uniminuto.edu;;3005791599;Ang�lica Mar�a Vargas Contreras;angelica.vargas.c@uniminuto.edu;3022137661;3022137661
14014;14014002;2023;11;Agencia;ARQUIUS COLOMBIA S.A.S;Bogot�, D.c.;Bogot�, D.c.;ARQUIUS COLOMBIA S.A.S CALLE 98 A No. 9A - 41, OFICINA 403;65;47;18;0;0;0;0;0;0;0;0;0;0;0;0;0;0;0;27;16;11;0;0;0;0;0;0;0;0;0;0;0;0;0;0;0;3;1;2;0;0;0;0;0;0;0;0;0;0;0;0;0;0;0;2;52;39;13;0;0;0;0;0;0;0;0;0;0;0;0;0;0;0;0;0;0;0;0;0;0;0;0;0;0;0;0;0;0;0;0;0;0;0;0;0;0;0;0;0;0;0;0;0;0;0;0;0;0;0;0;0;0;0;0;0;0;0;0;0;0;0;0;0;0;0;0;0;0;0;0;mpaula.morales@talengo.com;CALLE 98 A No. 9A - 41, OFICINA 403;29/11/2020;.;Maria Paula Morales;mpaula.morales@talengo.com;;3203991537;Maria Paula Morales;mpaula.morales@talengo.com;;3203991537
22295;22295001;2023;11;Bolsa;Escuela Tecnol�gica Instituto T�cnico Central;Colombia;Nacional;ETITC;36;29;7;35;7;28;0;0;0;0;0;0;0;0;0;1;0;1;228;192;36;0;0;0;0;0;0;228;36;192;0;0;0;0;0;0;2;2;0;0;0;0;0;0;0;2;0;2;0;0;0;0;0;0;22;4;2;2;0;0;0;0;0;0;4;2;2;0;0;0;0;0;0;0;0;0;0;0;0;0;0;0;0;0;0;0;0;0;0;0;0;4;2;0;0;0;0;2;2;0;0;0;0;2;4;2;0;0;0;0;2;2;0;0;0;0;2;0;0;0;27;0;0;0;0;0;0;0;0;0;egresados@itc.edu.co;http://empleabilidad.itc.edu.co/;29/11/2020;Se envia a los empresarios el recordatorio de informar el numero de contratados, de lo cual se evidencia caso omiso;Ricardo  Naranjo Riveros;egresados@itc.edu.co;;;Ricardo  Naranjo Riveros;egresados@itc.edu.co;;
22133;22133001;2023;11;Bolsa;Corporaci�n Universitaria Minuto De Dios-uniminuto;Bogot�, D.c.;Bogot�, D.c.;CORPORACI�N UNIVERSITARIA MINUTO DE DIOS-UNIMINUTO;262;104;158;0;0;0;0;0;0;0;0;0;0;0;0;0;0;0;281;89;192;0;0;0;0;0;0;0;0;0;0;0;0;0;0;0;5;0;5;0;0;0;0;0;0;0;0;0;0;0;0;0;0;0;15;491;172;319;0;0;0;0;0;0;0;0;0;0;0;0;0;0;0;74;20;54;0;0;0;0;0;0;0;0;0;0;0;0;0;0;0;0;0;0;0;0;0;0;0;0;0;0;0;0;0;0;0;0;0;0;0;0;0;0;0;0;0;0;0;0;10;0;0;0;0;0;0;0;0;0;gina.santana@uniminuto.edu;TRANSVERSAL 75 A No. 81 i 16 BARRIO MINUTO DE DIOS;29/11/2020;No se tienen observaciones;Gina Lorena Santana ;gina.santana@uniminuto.edu.co;;;Lina Andrea Lozano ;lina.lozano@uniminuto.edu;;
22299;22299001;2023;11;Bolsa;Universidad Tecnol�gica De Bolivar;Colombia;Nacional;UNIVERSIDAD TECNOL�GICA DE BOL�VAR-VIRTUAL RESTRINGIDO;38;23;15;0;0;0;0;0;0;0;0;0;0;0;0;0;0;0;205;149;56;0;0;0;0;0;0;0;0;0;0;0;0;0;0;0;0;0;0;0;0;0;0;0;0;0;0;0;0;0;0;0;0;0;44;0;0;0;0;0;0;0;0;0;0;0;0;0;0;0;0;0;0;54;36;18;0;0;0;0;0;0;0;0;0;0;0;0;0;0;0;0;0;0;0;0;0;0;0;0;0;0;0;0;0;0;0;0;0;0;0;0;0;0;0;0;0;0;0;0;0;0;0;0;0;0;0;0;0;0;gmuvdi@utb.edu.co;http://empleo.utb.edu.co;29/11/2020;el trabajo colaborativo con el empleo no hay sugerencias por hacer;Giovanna Muvdi Carrasquilla;gmuvdi@utb.edu.co;;;Asistente de Empleabilidad;egresados@utb.edu.co;(605) 6931919;3218145309
22133;22133007;2023;11;Bolsa;Corporaci�n Universitaria Minuto De Dios-uniminuto;Cundinamarca;Girardot;CORPORACI�N UNIVERSITARIA MINUTO DE DIOS-UNIMINUTO;17;4;13;17;13;4;0;0;0;0;0;0;0;0;0;0;0;0;12;5;7;0;0;0;0;0;0;12;7;5;0;0;0;0;0;0;35;12;23;0;0;0;0;0;0;0;0;0;0;0;0;0;0;0;1;33;8;25;0;0;0;0;0;0;33;25;8;0;0;0;0;0;0;70;16;54;70;54;16;0;0;0;0;0;0;0;0;0;0;0;0;0;0;0;0;0;0;0;0;0;0;0;0;0;0;0;0;0;0;0;0;0;0;0;0;0;0;0;0;0;0;0;0;0;0;0;0;0;0;0;gina.santana@uniminuto.edu;CARRERA 9 No 34-98;29/11/2020;NO HAY OBSERVACION;Lina Andrea Lozano ;lina.lozano@uniminuto.edu.co ;;;HAROLD MAURICIO VARGAS;harold.vargas@uniminuto.edu;;3017109931
22106;22106001;2023;11;Bolsa;Uniciencia;Bogot�, D.c.;Bogot�, D.c.;UNICIENCIA;9;6;3;0;0;0;0;0;0;0;0;0;0;0;0;0;0;0;0;0;0;0;0;0;0;0;0;0;0;0;0;0;0;0;0;0;0;0;0;0;0;0;0;0;0;0;0;0;0;0;0;0;0;0;396;5;4;1;0;0;0;0;0;0;0;0;0;0;0;0;0;0;0;33;20;13;0;0;0;0;0;0;0;0;0;0;0;0;0;0;0;0;0;0;0;0;0;0;0;0;0;0;0;0;0;0;0;0;0;0;0;0;0;0;0;0;0;0;0;0;0;0;0;0;0;0;0;0;0;0;;CRA 16 A 75 53;44492;Enfatizar en nuevas estrategias para alcanzar un buen indicador de registro de hojas de vida.;Natalia Andrea Maca Moreno;bienestar@uniciencia.edu.co;;;Natalia Andrea Maca Moreno;bienestar@uniciencia.edu.co;;
22106;22106002;2023;11;Bolsa;Uniciencia;Colombia;Nacional;UNICIENCIA VIRTUAL;9;7;2;0;0;0;0;0;0;0;0;0;0;0;0;0;0;0;0;0;0;0;0;0;0;0;0;0;0;0;0;0;0;0;0;0;0;0;0;0;0;0;0;0;0;0;0;0;0;0;0;0;0;0;3;0;0;0;0;0;0;0;0;0;0;0;0;0;0;0;0;0;0;33;20;13;0;0;0;0;0;0;0;0;0;0;0;0;0;0;0;0;0;0;0;0;0;0;0;0;0;0;0;0;0;0;0;0;0;0;0;0;0;0;0;0;0;0;0;0;0;0;0;0;0;0;0;0;0;0;bienestar@uniciencia.edu.co;"
https://jobboard.universia.net/tutrabaj";29/11/2020;Desarrollo de relaciones con empresas, publicidad y promoci�n, formaci�n y asesoramiento.;Natalia Andrea Maca Moreno;bienestar@uniciencia.edu.co;;;Natalia Andrea Maca Moreno;bienestar@uniciencia.edu.co;;
22155;22155004;2023;11;Bolsa;Fundaci�n Universitaria Del �rea Andina;Colombia;Nacional;FUNDACI�N UNIVERSITARIA DEL �REA ANDINA VIRTUAL;102;32;70;0;0;0;0;0;0;0;0;0;0;0;0;0;0;0;226;82;144;0;0;0;0;0;0;0;0;0;0;0;0;0;0;0;4;2;2;0;0;0;0;0;0;0;0;0;0;0;0;0;0;0;62;43;16;27;0;0;0;0;0;0;0;0;0;0;0;0;0;0;0;119;27;92;0;0;0;0;0;0;0;0;0;0;0;0;0;0;0;89;22;22;0;0;0;0;67;67;0;0;0;0;98;21;21;0;0;0;0;77;77;0;0;0;0;10;7;3;1;0;0;0;0;0;0;0;0;0;gcastro12@areandina.edu.co;http://bolsadeempleo.areandina.edu.co/fundacion-universitaria-area-andina;29/11/2020;No aplica.;Paola  Castro Garcia;gcastro12@areandina.edu.co;;;Paola  Castro Garcia;gcastro12@areandina.edu.co;;
22289;22289001;2023;11;Bolsa;Universidad De Antioquia;Colombia;Nacional;UNIVERSIDAD DE ANTIOQUIA;73;41;32;0;0;0;0;0;0;0;0;0;0;0;0;0;0;0;222;136;86;0;0;0;0;0;0;0;0;0;0;0;0;0;0;0;0;0;0;0;0;0;0;0;0;0;0;0;0;0;0;0;0;0;17;0;0;0;0;0;0;0;0;0;0;0;0;0;0;0;0;0;0;0;0;0;0;0;0;0;0;0;0;0;0;0;0;0;0;0;0;0;0;0;0;0;0;0;0;0;0;0;0;0;0;0;0;0;0;0;0;0;0;0;0;0;0;0;0;0;0;0;0;0;0;0;0;0;0;0;egresados@udea.edu.co;http://www.elempleo.com/colombia/Files/BasesUniversitarias/universidad-antioquia/Home.aspx;29/11/2020;.;Mar�a Eugenia Ram�rez Guzm�n;egresados@udea.edu.co;;;Mar�a Eugenia Ram�rez Guzm�n;egresados@udea.edu.co;;
14315;14315002;2023;11;Agencia;Gesti�n Competitiva S.a.s.;Colombia;Nacional;GESTION COMPETITIVA S.A.S.;40;16;24;10;7;3;0;0;0;0;0;0;0;0;0;0;0;0;10;8;2;0;0;0;0;0;0;3;1;2;0;0;0;0;0;0;0;0;0;0;0;0;0;0;0;0;0;0;0;0;0;0;0;0;2;15;13;2;0;0;0;0;0;0;5;1;4;0;0;0;0;0;0;0;0;0;0;0;0;0;0;0;0;0;0;0;0;0;0;0;0;0;0;0;0;0;0;0;0;0;0;0;0;0;0;0;0;0;0;0;0;0;0;0;0;0;0;0;0;0;3;0;0;0;0;0;0;0;0;0;"cjbohorquez@gestioncompetitiva.com; servicioalcliente@gestioncompetitiva.com ";http://www.elempleo.com/co/base-empresarial/gestion-competitiva/17637;29/11/2020;Ninguna;Claudia Janeth Boh�rquez Morales;cjbohorquez@gestioncompetitiva.com;;;Claudia Janeth Boh�rquez Morales;cjbohorquez@gestioncompetitiva.com;;
22110;22110002;2023;11;Bolsa;Universidad Aut�noma De Occidente;Colombia;Nacional;U. AUTONOMA DE OCCIDENTE ;26;12;14;0;0;0;0;0;0;0;0;0;0;0;0;0;0;0;232;162;70;0;0;0;0;0;0;0;0;0;0;0;0;0;0;0;0;0;0;0;0;0;0;0;0;0;0;0;0;0;0;0;0;0;13;3;2;1;0;0;0;0;0;0;0;0;0;0;0;0;0;0;0;74;28;46;0;0;0;0;0;0;0;0;0;0;0;0;0;0;0;0;0;0;0;0;0;0;0;0;0;0;0;0;0;0;0;0;0;0;0;0;0;0;0;0;0;2;2;0;1;0;0;0;0;0;0;0;0;0;cxgarcia@uao.edu.co;http://empleabilidad.uao.edu.co;29/11/2020;Gracias;Claudia Ximena Garcia ;cxgarcia@uao.edu.co;;;Claudia Ximena Garcia ;cxgarcia@uao.edu.co;;
14095;14095001;2023;11;Agencia;Leadersearch / El Empleo;Colombia;Nacional;LEADERSEARCH / EL EMPLEO NO. 68B 70;24114;11320;12794;0;0;0;0;0;0;0;0;0;0;0;0;0;0;0;2298977;1184320;1114657;0;0;0;0;0;0;0;0;0;0;0;0;0;0;0;59;35;24;0;0;0;0;0;0;0;0;0;0;0;0;0;0;0;671;13022;6535;6487;0;0;0;0;0;0;0;0;0;0;0;0;0;0;0;173537;85349;88188;0;0;0;0;0;0;0;0;0;0;0;0;0;0;0;0;0;0;0;0;0;0;0;0;0;0;0;0;0;0;0;0;0;0;0;0;0;0;0;0;0;0;0;0;3801;0;0;0;0;0;0;0;0;0;aordonez@elempleo.com;https://www.elempleo.com;29/11/2020;N/A;Alejandro  Ordo�ez ;aordonez@elempleo.com;;;LILIANA BASTO;lilbas@eltiempo.com;;
22133;22133002;2023;11;Bolsa;Corporaci�n Universitaria Minuto De Dios-uniminuto;Valle Del Cauca;Cali;CORPORACI�N UNIVERSITARIA MINUTO DE DIOS-UNIMINUTO;81;28;53;0;0;0;0;0;0;0;0;0;0;0;0;0;0;0;116;36;80;0;0;0;0;0;0;0;0;0;0;0;0;0;0;0;8;2;6;0;0;0;0;0;0;0;0;0;0;0;0;0;0;0;11;12;5;7;0;0;0;0;0;0;0;0;0;0;0;0;0;0;0;161;55;106;0;0;0;0;0;0;0;0;0;0;0;0;0;0;0;0;0;0;0;0;0;0;0;0;0;0;0;0;0;0;0;0;0;0;0;0;0;0;0;0;0;0;0;0;3;0;0;0;0;0;0;0;0;0;gina.santana@uniminuto.edu;CARRERA 25 # 2-01 PISO 2;29/11/2020;Ninguna;Gina Lorena Santana ;gina.santana@uniminuto.edu.co;;;LORENA MARMOLEJO;lorena.marmolejo@uniminuto.edu;;
22133;22133014;2023;11;Bolsa;Corporaci�n Universitaria Minuto De Dios-uniminuto;Risaralda;Pereira;CORPORACI�N UNIVERSITARIA MINUTO DE DIOS-UNIMINUTO;16;5;11;0;0;0;0;0;0;0;0;0;0;0;0;0;0;0;0;0;0;0;0;0;0;0;0;0;0;0;0;0;0;0;0;0;3;2;1;0;0;0;0;0;0;0;0;0;0;0;0;0;0;0;3;21;8;13;0;0;0;0;0;0;0;0;0;0;0;0;0;0;0;1;0;1;0;0;0;0;0;0;0;0;0;0;0;0;0;0;0;1;0;0;0;0;0;0;1;1;0;0;0;0;1;0;0;0;0;0;0;1;1;0;0;0;0;3;3;0;0;0;0;0;0;0;0;0;0;0;gina.santana@uniminuto.edu;CARRERA 9 N 20-54;29/11/2020;.;Lina Andrea Lozano ;lina.lozano@uniminuto.edu;;;Karen Daniela Mancipe Chirivi;karen.mancipe@uniminuto.edu;3123704726;3123704726
12280;12280002;2023;11;Bolsa;Unidades Tecnol�gicas De Santander;Santander;Bucaramanga;Unidades tecnologicas de santander;60;31;29;60;29;31;0;0;0;0;0;0;0;0;0;0;0;0;21;12;9;0;0;0;0;0;0;21;9;12;0;0;0;0;0;0;0;0;0;0;0;0;0;0;0;0;0;0;0;0;0;0;0;0;4;30;18;12;0;0;0;0;0;0;30;12;18;0;0;0;0;0;0;64;28;36;64;36;28;0;0;0;0;0;0;0;0;0;0;0;0;0;0;0;0;0;0;0;0;0;0;0;0;0;0;0;0;0;0;0;0;0;0;0;0;0;0;49;30;19;0;0;0;0;0;0;0;0;0;0;hramirez@correo.uts.edu.co;"calle de los estudiantes 9-82 edificio A piso 3 Bucaramanga";10/09/2021;El flujo de actividades comienza a ser mayor debido al comienzo del nuevo semestre ac�demico y  la implementaci�n de algunos de los cursos continuados de la Bolsa de Empleo.;;;;;YOLANDA ORTIZ;extension@correo.uts.edu.co;;
12280;12280001;2023;11;Bolsa;Unidades Tecnol�gicas De Santander;Colombia;Nacional;Unidades Tecnol�gicas de Santander;242;125;117;242;117;125;0;0;0;0;0;0;0;0;0;0;0;0;81;46;35;0;0;0;0;0;0;81;35;46;0;0;0;0;0;0;3;2;1;0;0;0;0;0;0;3;1;2;0;0;0;0;0;0;18;120;70;50;0;0;0;0;0;0;120;50;70;0;0;0;0;0;0;256;110;146;256;146;110;0;0;0;0;0;0;0;0;0;0;0;0;0;0;0;0;0;0;0;0;0;0;0;0;0;0;0;0;0;0;0;0;0;0;0;0;0;0;199;122;77;0;0;0;0;0;0;0;0;0;0;hramirez@correo.uts.edu.co;http://www.trabajando.uts.edu.co;29/11/2020;El flujo de actividades comienza a ser mayor debido al comienzo del nuevo semestre ac�demico y  la implementaci�n de algunos de los cursos continuados de la Bolsa de Empleo.;;;;;YOLANDA ORTIZ;extension@correo.uts.edu.co;;
22223;22223013;2023;11;Bolsa;Universidad Cooperativa De Colombia;Antioquia;Apartad�;APARTAD�;2;2;0;0;0;0;0;0;0;0;0;0;0;0;0;0;0;0;2;0;2;0;0;0;0;0;0;0;0;0;0;0;0;0;0;0;0;0;0;0;0;0;0;0;0;0;0;0;0;0;0;0;0;0;0;0;0;0;0;0;0;0;0;0;0;0;0;0;0;0;0;0;0;0;0;0;0;0;0;0;0;0;0;0;0;0;0;0;0;0;0;0;0;0;0;0;0;0;0;0;0;0;0;0;0;0;0;0;0;0;0;0;0;0;0;0;0;0;0;0;0;1;0;0;0;0;0;0;0;0;reina.duque@ucc.edu.co;CALLE 91 # 96 A -55 BARRIO MANZANARES;29/11/2020;Se realiza reporte del mes de agosto;Maria del Socorro Obando Brand;bolsaempleo.apa@campusucc.edu.co;;;Maria del Socorro Obando Brand;bolsaempleo.apa@campusucc.edu.co;;
22133;22133003;2023;11;Bolsa;Corporaci�n Universitaria Minuto De Dios-uniminuto;Antioquia;Bello;CORPORACI�N UNIVERSITARIA MINUTO DE DIOS-UNIMINUTO;202;66;136;0;0;0;0;0;0;0;0;0;0;0;0;0;0;0;355;76;279;0;0;0;0;0;0;0;0;0;0;0;0;0;0;0;23;6;17;3;1;2;0;0;0;6;3;3;0;0;0;1;0;1;16;92;27;65;0;0;0;0;0;0;0;0;0;0;0;0;0;0;0;161;45;116;100;70;30;0;0;0;12;12;0;0;0;0;9;7;2;18;1;1;0;0;0;0;17;17;0;0;0;0;18;1;1;0;0;0;0;17;17;0;0;0;0;9;1;8;1;0;0;0;0;0;0;0;0;0;gina.santana@uniminuto.edu;CARRERA 45 No. 22 D-25 KM 0 AUTOPISTA MEDELL�N-BOGOT�;29/11/2020;Reporte UNIMINUTO Bello Agosto 2023;Gina Lorena Santana ;gina.santana@uniminuto.edu.co;;;HECTOR DAVID CARMOA CANO;hector.carmona@uniminuto.edu;;
22070;22070001;2023;11;Bolsa;Corporaci�n Universitaria Remington;Colombia;Nacional;CORPORACION UNIVERSITARIA REMINGTON VIRTUAL;62;31;31;0;0;0;0;0;0;0;0;0;0;0;0;0;0;0;16;10;6;0;0;0;0;0;0;0;0;0;0;0;0;0;0;0;1;0;1;0;0;0;0;0;0;0;0;0;0;0;0;0;0;0;6;1;0;1;0;0;0;0;0;0;0;0;0;0;0;0;0;0;0;23;0;23;0;0;0;0;0;0;0;0;0;0;0;0;0;0;0;0;0;0;0;0;0;0;0;0;0;0;0;0;0;0;0;0;0;0;0;0;0;0;0;0;0;0;0;0;0;0;0;0;0;0;0;0;0;0;bcifuentes@uniremington.edu.co;http://tutrabajo.uniremington.edu.co;29/11/2020;Se est� implementando desde la Direcci�n de Egresados y Pr�cticas charlas enfocadas al empleo. Una de ellas es Neuroliderazgo, habilidades para la vida. En la cu�l se ense�o a egresados como ser un l�der en sus organizaciones y en su vida.;Bibiana Cifuentes Jim�mez;bcifuentes@uniremington.edu.co;;;Bibiana Cifuentes Jim�mez;bcifuentes@uniremington.edu.co;;
22133;22133005;2023;11;Bolsa;Corporaci�n Universitaria Minuto De Dios-uniminuto;Santander;Bucaramanga;CORPORACI�N UNIVERSITARIA MINUTO DE DIOS-UNIMINUTO;31;8;23;16;12;4;0;0;0;0;0;0;0;0;0;0;0;0;60;15;45;0;0;0;0;0;0;39;29;10;0;0;0;0;0;0;6;1;5;0;0;0;0;0;0;4;4;0;0;0;0;0;0;0;7;53;14;39;0;0;0;0;0;0;24;19;5;0;0;0;0;0;0;77;10;67;33;30;3;0;0;0;0;0;0;0;0;0;0;0;0;0;0;0;0;0;0;0;0;0;0;0;0;0;0;0;0;0;0;0;0;0;0;0;0;0;0;0;0;0;0;0;0;0;0;0;0;0;0;0;gina.santana@uniminuto.edu;CALLE 28 # 21-41 SEGUNDO PISO;29/11/2020;Ninguna;Lina Andrea Lozano ;lina.lozano@uniminuto.edu.co ;;;Guillermo Andres Anaya Gutierrez;guillermo.anaya@uniminuto.edu;;3212008652
22133;22133019;2023;11;Bolsa;Corporaci�n Universitaria Minuto De Dios-uniminuto;Cundinamarca;Soacha;CORPORACI�N UNIVERSITARIA MINUTO DE DIOS-UNIMINUTO;37;14;23;32;19;13;0;0;0;0;0;0;0;0;0;0;0;0;59;13;46;0;0;0;0;0;0;47;39;8;0;0;0;0;0;0;6;2;4;0;0;0;0;0;0;3;2;1;0;0;0;0;0;0;2;132;46;86;0;0;0;0;0;0;104;70;34;0;0;0;0;0;0;127;36;91;93;67;26;0;0;0;0;0;0;0;0;0;0;0;0;0;0;0;0;0;0;0;0;0;0;0;0;0;0;0;0;0;0;0;0;0;0;0;0;0;0;2;0;2;0;0;0;0;0;0;0;0;0;0;gina.santana@uniminuto.edu;TRANSVERSAL 5 No 5 G 95 LAGOS DE MALIB�;29/11/2020;No Aplica;Lina Andrea Lozano ;lina.lozano@uniminuto.edu;;;Yeimi Marcela Garcia Escobar;yegarcia@uniminuto.edu;3006858637;3006858637
22133;22133018;2023;11;Bolsa;Corporaci�n Universitaria Minuto De Dios-uniminuto;Cundinamarca;Zipaquir�;CORPORACI�N UNIVERSITARIA MINUTO DE DIOS-UNIMINUTO;47;12;35;0;0;0;0;0;0;0;0;0;0;0;0;0;0;0;27;7;20;0;0;0;0;0;0;0;0;0;0;0;0;0;0;0;3;0;3;0;0;0;0;0;0;0;0;0;0;0;0;0;0;0;3;10;5;5;0;0;0;0;0;0;0;0;0;0;0;0;0;0;0;19;8;11;0;0;0;0;0;0;0;0;0;0;0;0;0;0;0;51;8;0;8;0;0;0;43;0;43;0;0;0;0;0;0;0;0;0;0;0;0;0;0;0;0;0;0;0;0;0;0;0;0;0;0;0;0;0;gina.santana@uniminuto.edu;Centro Progresa EPE-ZIPAQUIRA Avenida Carrera 15 No 1a-22 SUR, BARRIO LA FRAGUITA;29/11/2020;N/A;Lina Andrea Lozano ;lina.lozano@uniminuto.edu;;;Erika Alexandra Velosa Quintero;erika.velosa@uniminuto.edu;3212494388;3212494388
14172;14172002;2023;11;Agencia;Vincu Sas;Colombia;Nacional;PUNTO VIRTUAL-VINCU;266;89;177;0;0;0;0;0;0;0;0;0;0;0;0;0;0;0;295;136;159;0;0;0;0;0;0;0;0;0;0;0;0;0;0;0;0;0;0;0;0;0;0;0;0;0;0;0;0;0;0;0;0;0;19;0;0;0;0;0;0;0;0;0;0;0;0;0;0;0;0;0;0;0;0;0;0;0;0;0;0;0;0;0;0;0;0;0;0;0;0;0;0;0;0;0;0;0;0;0;0;0;0;0;0;0;0;0;0;0;0;0;0;0;0;0;0;0;0;0;21;0;0;0;0;0;0;0;0;0;andres.cruz@vincuventas.com;https://www.vincuventas.com;29/11/2020;Ninguna;Andres  Cruz Quijano;andres.cruz@vincuventas.com;;;Moises Guzman Camargo;moises.guzman@vincuventas.com;;3104671085
14307;14307001;2023;11;Agencia privada;JDV PARTNERS  S.A.S;Colombia;Nacional;JDV PARTNERS;60;30;30;0;0;0;0;0;0;0;0;0;0;0;0;0;0;0;0;0;0;0;0;0;0;0;0;0;0;0;0;0;0;0;0;0;0;0;0;0;0;0;0;0;0;0;0;0;0;0;0;0;0;0;0;0;0;0;0;0;0;0;0;0;0;0;0;0;0;0;0;0;0;0;0;0;0;0;0;0;0;0;0;0;0;0;0;0;0;0;0;0;0;0;0;0;0;0;0;0;0;0;0;0;0;0;0;0;0;0;0;0;0;0;0;0;0;0;0;0;0;0;0;0;0;0;0;0;0;0;admin@jdvpartners.com;www.jdvpartners.com;;N.A.;;;;;Luis Miguel Izquierdo Arrieta;admin@jdvpartners.com;321-509-0685;321-509-0685
14307;14307002;2023;11;Agencia privada;JDV PARTNERS  S.A.S;Bogot�, D.c.;Bogot�, D.c.;JDV PARTNERS;0;0;0;0;0;0;0;0;0;0;0;0;0;0;0;0;0;0;0;0;0;0;0;0;0;0;0;0;0;0;0;0;0;0;0;0;0;0;0;0;0;0;0;0;0;0;0;0;0;0;0;0;0;0;0;0;0;0;0;0;0;0;0;0;0;0;0;0;0;0;0;0;0;0;0;0;0;0;0;0;0;0;0;0;0;0;0;0;0;0;0;0;0;0;0;0;0;0;0;0;0;0;0;0;0;0;0;0;0;0;0;0;0;0;0;0;0;0;0;0;0;0;0;0;0;0;0;0;0;0;admin@jdvpartners.com;Carrera 15 # 93A � 84. Oficina: 204;;N.A.;;;;;Luis Miguel Izquierdo Arrieta;admin@jdvpartners.com;321-509-0685;321-509-0685
