Código prestador;Código punto atención;Año;Mes;Tipo;Prestador nombre;Departamento punto atención;Municipio punto atención;Punto atención nombre;Total personas inscritas;Total personas inscritas hombres;Total personas inscritas mujeres;Total personas inscritas jovenes;Total personas inscritas mujeres jovenes;Total personas inscritas hombres jovenes;Total personas inscritas PcD;Total personas inscritas mujeres PcD;Total personas inscritas hombres PcD;Total personas inscritas Victimas;Total personas inscritas mujeres victimas;Total personas inscritas hombres victimas;Total personas inscritas Migrantes;Total personas inscritas mujeres Migrantes;Total personas inscritas hombres Migrantes;Total personas inscritas Grupo Ètnico;Total personas inscritas mujeres Grupo;Total personas inscritas hombres Grupo;Total remisiones a empleadores;Total remisiones a empleadores hombres;Total remisiones a empleadores mujeres;Total remisiones a empleadores victimas;Total remisiones a empleadores mujeres victimas;Total remisiones a empleadores hombres victimas;Total remisiones a empleadores PcD;Total remisiones a empleadores mujeres PcD;Total remisiones a empleadores hombres PcD;Total remisiones a empleadores jovenes;Total remisiones a empleadores mujeres jovenes;Total remisiones a empleadores hombres jovenes;Total remisiones a empleadores Migrantes;Total remisiones a empleadores mujeres Migrantes;Total remisiones a empleadores hombres Migrantes;Total remisiones a empleadores Grupos Ètnicos;Total remisiones a empleadores mujeres Grupo;Total remisiones a empleadores hombres Grupo;Total colocados;Total colocados hombres;Total colocados mujeres;Total colocados victimas;Total colocados mujeres victimas;Total colocados hombres victimas;Total colocados PcD;Total colocados mujeres PcD;Total colocados hombres PcD;Total colocados jovenes;Total colocados mujeres jovenes;Total colocados hombres jovenes;Total colocados Migrantes;Total colocados mujeres Migrantes;Total colocados hombres Migrantes;Total colocados Grupo Ètnicos;Total colocados Grupo Ètnicos mujeres Grupo;Total colocados Grupo Ètnicos hombres Grupo;Total empleadores inscritos;Total personas atendidas en entrevìstas de atencion ocupacional;Total personas atendidas en entrevìstas de atencion ocupacional hombres;Total personas atendidas en entrevìstas de atencion ocupacional mujeres;Total Pers. atendidas en entrevìstas de atencion ocupacional Victimas;Total Pers. atendidas en entrevìstas de atencion ocupacional Victimas mujeres;Total Pers. atendidas en entrevìstas de atencion ocupacional Victimas hombres;Total Pers. atendidas en entrevìstas de atencion ocupacional PcD;Total Pers. atendidas en entrevìstas de atencion ocupacional mujeres PcD;Total Pers. atendidas en entrevìstas de atencion ocupacional hombres PcD;Total personas atendidas en entrevistas de orientación ocupacional Jóvenes;Total personas atendidas en entrevistas de orientación ocupacional Jóvenes mujeres;Total personas atendidas en entrevistas de orientación ocupacional Jóvenes hombres;Total personas atendidas en entrevistas de orientación ocupacional Migrantes;Total personas atendidas en entrevistas de orientación ocupacional Migrantes mujeres;Total personas atendidas en entrevistas de orientación ocupacional Migrantes hombres;Total personas atendidas en entrevistas de orientación ocupacional Grupo Étnicos;Total personas atendidas en entrevistas de orientación ocupacional Grupo Étnicos mujeres;Total personas atendidas en entrevistas de orientación ocupacional Grupo Étnicos hombres;Total personas atendidas en actividades grupales de orientación ocupacional;Total personas atendidas en actividades grupales de orientación ocupacional hombres;Total personas atendidas en actividades grupales de orientación ocupacional mujeres;Total personas atendidas en actividades grupales de orientación ocupacional Jóvenes;Total personas atendidas en actividades grupales de orientación ocupacional Jóvenes mujeres;Total personas atendidas en actividades grupales de orientación ocupacional Jóvenes hombres;Total personas atendidas en actividades grupales de orientación ocupacional PcD;Total personas atendidas en actividades grupales de orientación ocupacional PcD mujeres;Total personas atendidas en actividades grupales de orientación ocupacional PcD hombres;Total personas atendidas en actividades grupales de orientación ocupacional Víctimas;Total personas atendidas en actividades grupales de orientación ocupacional Víctimas mujeres;Total personas atendidas en actividades grupales de orientación ocupacional Víctimas hombres;Total personas atendidas en actividades grupales de orientación ocupacional Migrantes;Total personas atendidas en actividades grupales de orientación ocupacional Migrantes mujeres;Total personas atendidas en actividades grupales de orientación ocupacional Migrantes hombres;Total personas atendidas en actividades grupales de orientación ocupacional Grupos Étnicos;Total personas atendidas en actividades grupales de orientación ocupacional Grupos Étnicos mujeres;Total personas atendidas en actividades grupales de orientación ocupacional Grupos Étnicos hombres;Número de personas direccionadas a programas de formación y capacitación para el trabajo;Número de personas direccionadas a programas de formación y capacitación para el trabajo hombres;Número de personas direccionadas a programas de formación en competencias claves y transversales hombres;Número de personas direccionadas a programas de formación en tecnologías de la información y las comunicaciones tic hombres;Número de personas direccionadas a programas de alfabetización o bachillerato hombres;Número de personas direccionadas a programas de entrenamiento o reentrenamiento técnico hombres;Número de personas direccionadas a programas de técnico laboral hombres;Número de personas direccionadas a programas de formación y capacitación para el trabajo mujeres;Número de personas direccionadas a programas de formación en competencias claves y transversales mujeres;Número de personas direccionadas a programas de formación en tecnologías de la información y las comunicaciones tic mujeres;Número de personas direccionadas a programas de alfabetización o bachillerato mujeres;Número de personas direccionadas a programas de entrenamiento o reentrenamiento técnico mujeres;Número de personas direccionadas a programas de técnico laboral mujeres;Número de personas que culminaron programas de formación y capacitación para el trabajo;Número de personas que culminaron programas de formación y capacitación para el trabajo hombres;Número de personas que culminaron programas de formación en competencias claves y transversales hombres;Número de personas que culminaron programas de formación en tecnologías de la información y las comunicaciones tic hombres;Número de personas que culminaron programas de alfabetización o bachillerato hombres;Número de personas que culminaron programas de entrenamiento o reentrenamiento técnico hombres;Número de personas que culminaron programas de técnico laboral hombres;Número de personas que culminaron programas de formación y capacitación para el trabajo mujeres;Número de personas que culminaron programas de formación en competencias claves y transversales mujeres;Número de personas que culminaron programas de formación en tecnologías de la información y las comunicaciones tic mujeres;Número de personas que culminaron programas de alfabetización o bachillerato mujeres;Número de personas que culminaron programas de entrenamiento o reentrenamiento técnico mujeres;Número de personas que culminaron programas de técnico laboral mujeres;Total de personas direccionadas a programas de emprendimiento;Número de personas direccionadas a programas de emprendimiento hombres;Número de personas direccionadas a programas de emprendimiento mujeres;Total PQRS radicados;Presta servicios de gestión y colocación de empleo en el exterior;Total hojas vida remitidas exterior;Total hojas vida remitidas exterior hombres;Total hojas vida remitidas exterior mujeres;Total personas colocadas exterior;Total personas colocadas exterior hombres;Total personas colocadas exterior mujeres;Total empleadores registrados exterior;Total vacantes registradas exterior;Punto atencion correo;Punto atencion dirección;Punto atencion fecha registro;Observaciones;Coordinador nombre;Coordinador correo;Coordinador teléfono;Coordinador celular;Responsable nombre;Responsable correo;Responsable teléfono;Responsable celular
22133;22133007;2023;02;Bolsa;Corporación Universitaria Minuto De Dios-uniminuto;Cundinamarca;Girardot;CORPORACIÓN UNIVERSITARIA MINUTO DE DIOS-UNIMINUTO;54;25;29;54;29;25;0;0;0;0;0;0;0;0;0;0;0;0;6;1;5;0;0;0;0;0;0;6;5;1;0;0;0;0;0;0;20;6;14;0;0;0;0;0;0;0;0;0;0;0;0;0;0;0;0;46;7;39;0;0;0;0;0;0;46;39;7;0;0;0;0;0;0;31;21;10;31;10;21;0;0;0;0;0;0;0;0;0;0;0;0;0;0;0;0;0;0;0;0;0;0;0;0;0;0;0;0;0;0;0;0;0;0;0;0;0;0;0;0;0;0;0;0;0;0;0;0;0;0;0;gina.santana@uniminuto.edu;CARRERA 9 No 34-98;2020-11-29;SIN NINGUNA OBSERVACION;Lina Andrea Lozano ;lina.lozano@uniminuto.edu.co ;;;HAROLD MAURICIO VARGAS;harold.vargas@uniminuto.edu;;3017109931
14014;14014002;2023;02;Agencia;ARQUIUS COLOMBIA S.A.S;Bogotá, D.c.;Bogotá, D.c.;ARQUIUS COLOMBIA S.A.S CALLE 98 A No. 9A - 41, OFICINA 403;29;21;8;0;0;0;0;0;0;0;0;0;0;0;0;0;0;0;12;7;5;0;0;0;0;0;0;0;0;0;0;0;0;0;0;0;1;0;1;0;0;0;0;0;0;0;0;0;0;0;0;0;0;0;4;21;15;6;0;0;0;0;0;0;0;0;0;0;0;0;0;0;0;0;0;0;0;0;0;0;0;0;0;0;0;0;0;0;0;0;0;0;0;0;0;0;0;0;0;0;0;0;0;0;0;0;0;0;0;0;0;0;0;0;0;0;0;0;0;0;0;0;0;0;0;0;0;0;0;0;mpaula.morales@talengo.com;CALLE 98 A No. 9A - 41, OFICINA 403;2020-11-29;*;Maria Paula Morales;mpaula.morales@talengo.com;;3203991537;Maria Paula Morales;mpaula.morales@talengo.com;;3203991537
14237;14237001;2023;02;Agencia;Linajje Sas;Colombia;Nacional;Linajje virtual;971;453;518;459;227;232;0;0;0;0;0;0;6;3;3;0;0;0;150;75;75;0;0;0;0;0;0;85;41;44;1;1;0;0;0;0;237;135;102;0;0;0;0;0;0;129;51;78;0;0;0;0;0;0;0;0;0;0;0;0;0;0;0;0;0;0;0;0;0;0;0;0;0;31;9;22;0;0;0;0;0;0;0;0;0;0;0;0;0;0;0;0;0;0;0;0;0;0;0;0;0;0;0;0;0;0;0;0;0;0;0;0;0;0;0;0;0;0;0;0;0;0;0;0;0;0;0;0;0;0;direccion@applica.uno;http://www.applica.uno;2020-11-29;Ninguna;Diana Maria Lopez Restrepo;direccion@applica.uno;;;Diana Maria Lopez Restrepo;direccion@applica.uno;;
22031;22031002;2023;02;Bolsa;Colegio Mayor De Nuestra Señora Del Rosario;Colombia;Nacional;PUNTO VIRTUAL RESTRINGIDO;24;9;15;0;0;0;0;0;0;0;0;0;0;0;0;0;0;0;93;44;49;0;0;0;0;0;0;0;0;0;0;0;0;0;0;0;0;0;0;0;0;0;0;0;0;0;0;0;0;0;0;0;0;0;11;637;302;335;0;0;0;0;0;0;0;0;0;0;0;0;0;0;0;0;0;0;0;0;0;0;0;0;0;0;0;0;0;0;0;0;0;0;0;0;0;0;0;0;0;0;0;0;0;0;0;0;0;0;0;0;0;0;0;0;0;0;0;0;0;0;8;0;0;0;0;0;0;0;0;0;"estefania.zapatac@urosario.edu.co; ana.novoa@urosario.edu.co";"https://oportunidadeslaborales.urosario.edu.co/colegio-mayor-nuestra-senora-
rosario?v2=true";2020-11-29;;;;;;Andrea Johanna Ruiz Mora;direccion.egresados@urosario.edu.co;3164450887;3164450887
22207;22207002;2023;02;Bolsa;Uniagustiniana;Colombia;Nacional;UNIAGUSTINIANA VIRTUAL;15;8;7;0;0;0;0;0;0;0;0;0;0;0;0;0;0;0;169;152;17;0;0;0;0;0;0;0;0;0;0;0;0;0;0;0;0;0;0;0;0;0;0;0;0;0;0;0;0;0;0;0;0;0;8;9;3;6;0;0;0;0;0;0;0;0;0;0;0;0;0;0;0;0;0;0;0;0;0;0;0;0;0;0;0;0;0;0;0;0;0;0;0;0;0;0;0;0;0;0;0;0;0;0;0;0;0;0;0;0;0;0;0;0;0;0;0;0;0;0;7;0;0;0;0;0;0;0;0;0;"empleabilidad@uniagustiniana.edu.co; proyeccionsocial@uniagustiniana.edu.co";https://empleo.uniagustiniana.edu.co/universitaria-agustiniana;2020-11-29;N/A;MARï¿½A DEL PILAR CARLOS NAVARRO;empleabilidad@uniagustiniana.edu.co;;;MARï¿½A DEL PILAR CARLOS NAVARRO;empleabilidad@uniagustiniana.edu.co;;
22170;22170001;2023;02;Bolsa;Politécnico Internacional;Colombia;Nacional;POLITÉCNICO INTERNACIONAL VIRTUAL;207;91;116;207;116;91;0;0;0;0;0;0;0;0;0;0;0;0;377;149;228;0;0;0;0;0;0;377;228;149;0;0;0;0;0;0;26;8;18;0;0;0;0;0;0;6;3;3;0;0;0;0;0;0;19;0;0;0;0;0;0;0;0;0;0;0;0;0;0;0;0;0;0;100;35;65;100;65;35;0;0;0;0;0;0;0;0;0;0;0;0;0;0;0;0;0;0;0;0;0;0;0;0;0;0;0;0;0;0;0;0;0;0;0;0;0;0;0;0;0;1;0;0;0;0;0;0;0;0;0;mariajuliana.marroquin@pi.edu.co;http://bolsadeempleo.politecnicointernacional.edu.co/;2020-11-29;Reporte Servicio Público de Empleo Febrero 2023;Marï¿½a Juliana Marroquï¿½n ;mariajuliana.marroquin@pi.edu.co;;;Marï¿½a Juliana Marroquï¿½n ;mariajuliana.marroquin@pi.edu.co;;
14095;14095001;2023;02;Agencia;Leadersearch / El Empleo;Colombia;Nacional;LEADERSEARCH / EL EMPLEO NO. 68B 70;28352;12758;15594;0;0;0;0;0;0;0;0;0;0;0;0;0;0;0;2399650;1210465;1189185;0;0;0;0;0;0;0;0;0;0;0;0;0;0;0;15;7;8;0;0;0;0;0;0;0;0;0;0;0;0;0;0;0;744;17071;8620;8451;0;0;0;0;0;0;0;0;0;0;0;0;0;0;0;379636;188818;190818;0;0;0;0;0;0;0;0;0;0;0;0;0;0;0;0;0;0;0;0;0;0;0;0;0;0;0;0;0;0;0;0;0;0;0;0;0;0;0;0;0;0;0;0;3901;0;0;0;0;0;0;0;0;0;aordonez@elempleo.com;https://www.elempleo.com;2020-11-29;N/A;Alejandro  Ordoï¿½ez ;aordonez@elempleo.com;;;LILIANA BASTO;lilbas@eltiempo.com;;
22211;22211001;2023;02;Bolsa;Fundación Universitaria Sanitas;Colombia;Nacional;FUNDACIÓN UNIVERSITARIA SANITAS VIRTUAL;61;20;41;0;0;0;0;0;0;0;0;0;0;0;0;0;0;0;42;22;20;0;0;0;0;0;0;0;0;0;0;0;0;0;0;0;0;0;0;0;0;0;0;0;0;0;0;0;0;0;0;0;0;0;0;0;0;0;0;0;0;0;0;0;0;0;0;0;0;0;0;0;0;0;0;0;0;0;0;0;0;0;0;0;0;0;0;0;0;0;0;0;0;0;0;0;0;0;0;0;0;0;0;0;0;0;0;0;0;0;0;0;0;0;0;0;0;0;0;0;2;0;0;0;0;0;0;0;0;0;jnavarro@colsanitas.com;http://bolsadeempleo.unisanitas.edu.co/;2020-11-29;.;Johns Steve Navarro Lara;jnavarro@colsanitas.com;;;Johns Steve Navarro Lara;jnavarro@colsanitas.com;;
22264;22264001;2023;02;Bolsa;Politécnico Colombiano Jaime Isaza Cadavid;Colombia;Nacional;Politécnico Colombiano Jaime Isaza Cadavis-Medellín;150;92;58;0;0;0;0;0;0;0;0;0;0;0;0;0;0;0;0;0;0;0;0;0;0;0;0;0;0;0;0;0;0;0;0;0;9;4;5;0;0;0;0;0;0;0;0;0;0;0;0;0;0;0;36;7;7;0;0;0;0;0;0;0;0;0;0;0;0;0;0;0;0;0;0;0;0;0;0;0;0;0;0;0;0;0;0;0;0;0;0;0;0;0;0;0;0;0;0;0;0;0;0;0;0;0;0;0;0;0;0;0;0;0;0;0;0;5;5;0;0;0;0;0;0;0;0;0;0;0;"nfescobar@elpoli.edu.co; empleograduados@elpoli.edu.co";http://www2.politecnicojic.edu.co/polidinamico/poligraduadosbolsa/pdgrmenubolsa.php;2020-11-29;NINGUNA;Nicolas Fernando Escobar;nfescobar@elpoli.edu.co;;;Nicolas Fernando Escobar;nfescobar@elpoli.edu.co;;
22322;2232201;2023;02;Bolsa;FUNDACION UNIVERSITARIA DE SAN GIL;Santander;San Gil;FUNDACION UNIVERSITARIA DE SAN GIL;9;5;4;0;0;0;0;0;0;0;0;0;0;0;0;0;0;0;7;6;1;0;0;0;0;0;0;0;0;0;0;0;0;0;0;0;0;0;0;0;0;0;0;0;0;0;0;0;0;0;0;0;0;0;0;2;2;0;0;0;0;0;0;0;0;0;0;0;0;0;0;0;0;8;5;3;0;0;0;0;0;0;0;0;0;0;0;0;0;0;0;0;0;0;0;0;0;0;0;0;0;0;0;0;0;0;0;0;0;0;0;0;0;0;0;0;0;0;0;0;0;0;0;0;0;0;0;0;0;0;egresados@unisangil.edu.co;https://elempleo.com/co/sitio-empresarial/sangil;;Ninguno;Sonia Luz Muñoz Gutierrez;egresados@unisangil.edu.co;;3173633651;Sonia Luz Muñoz Gutierrez;egresados@unisangil.edu.co;;3173633651
14306;14306001;2023;02;Agencia;Acierta Headhunter S.A.S.;Bogotá, D.c.;Bogotá, D.c.;ACIERTA;112;56;56;0;0;0;0;0;0;0;0;0;0;0;0;0;0;0;43;32;11;0;0;0;0;0;0;0;0;0;0;0;0;0;0;0;3;0;3;0;0;0;0;0;0;0;0;0;0;0;0;0;0;0;5;29;19;10;0;0;0;0;0;0;0;0;0;0;0;0;0;0;0;0;0;0;0;0;0;0;0;0;0;0;0;0;0;0;0;0;0;0;0;0;0;0;0;0;0;0;0;0;0;0;0;0;0;0;0;0;0;0;0;0;0;0;0;0;0;0;0;0;0;0;0;0;0;0;0;0;info@acierta.info;Carrera 4ª No. 73-71;2020-11-29;ninguna;ANDRES  FORERO ;info@acierta.info;;;ANDRES  FORERO ;info@acierta.info;;
22158;22158002;2023;02;Bolsa;Institución Universitaria Salazar Y Herrera;Colombia;Nacional;Punto Virtual Restringido Antioquia-Medellín;13;4;9;13;9;4;0;0;0;0;0;0;0;0;0;0;0;0;4;1;3;0;0;0;0;0;0;4;3;1;0;0;0;0;0;0;0;0;0;0;0;0;0;0;0;0;0;0;0;0;0;0;0;0;175;0;0;0;0;0;0;0;0;0;0;0;0;0;0;0;0;0;0;0;0;0;0;0;0;0;0;0;0;0;0;0;0;0;0;0;0;0;0;0;0;0;0;0;0;0;0;0;0;0;0;0;0;0;0;0;0;0;0;0;0;0;0;0;0;0;0;0;0;0;0;0;0;0;0;0;ana.saldarriaga@salazaryherrera.edu.co ;https://empleosiush.trabajando.com.co;2020-11-29;"Buenas tardes,
Envío reporte mensual del mes de febrero de 2023.

Muchas gracias por su amable atención.
Feliz tarde.";Ana Milena Saldarriaga Durango;ana.saldarriaga@salazaryherrera.edu.co ;;;SANDRA LETICIA ALVAREZ HERNANDEZ;sandra.alvarez@salazaryherrera.edu.co;;3147942985
22125;22125005;2023;02;Bolsa;Universidad San Buenaventura;Colombia;Nacional;PUNTO VIRTUAL RESTRINGIDO -BOGOTÁ;3;3;0;1;0;1;0;0;0;0;0;0;0;0;0;0;0;0;0;0;0;0;0;0;0;0;0;0;0;0;0;0;0;0;0;0;0;0;0;0;0;0;0;0;0;0;0;0;0;0;0;0;0;0;22;0;0;0;0;0;0;0;0;0;0;0;0;0;0;0;0;0;0;0;0;0;0;0;0;0;0;0;0;0;0;0;0;0;0;0;0;0;0;0;0;0;0;0;0;0;0;0;0;0;0;0;0;0;0;0;0;0;0;0;0;0;0;0;0;0;0;0;0;0;0;0;0;0;0;0;"bolsadeempleo@usbmed.edu.co; egresados@usbmed.edu.co";http://bolsadeempleo.usbcali.edu.co/sitios-empresariales/colombia/usb-cali/;2020-11-29;Ninguna;Sandra Milena Arias Giraldo;bolsadeempleo@usbmed.edu.co;;;Vivian Julieth Martínez Cendales;bolsaempleo@usbbog.edu.co;319 5325566;319 5325566
22177;22177002;2023;02;Bolsa;Fundación Universidad Externado De Colombia;Colombia;Nacional;Fundación Universidad Externado de Colombia-Virtual Restringido;104;46;58;0;0;0;0;0;0;0;0;0;0;0;0;0;0;0;325;202;123;0;0;0;0;0;0;0;0;0;0;0;0;0;0;0;2;0;2;0;0;0;0;0;0;0;0;0;0;0;0;0;0;0;36;0;0;0;0;0;0;0;0;0;0;0;0;0;0;0;0;0;0;0;0;0;0;0;0;0;0;0;0;0;0;0;0;0;0;0;0;0;0;0;0;0;0;0;0;0;0;0;0;0;0;0;0;0;0;0;0;0;0;0;0;0;0;0;0;0;0;0;0;0;0;0;0;0;0;0;ofiegresados@uexternado.edu.co;http://bolsadeempleo.uexternado.edu.co;2020-11-29;Sin novedades.;Margarita  Useche Meneses;ofiegresados@uexternado.edu.co;;;Margarita  Useche Meneses;ofiegresados@uexternado.edu.co;;
22133;22133003;2023;02;Bolsa;Corporación Universitaria Minuto De Dios-uniminuto;Antioquia;Bello;CORPORACIÓN UNIVERSITARIA MINUTO DE DIOS-UNIMINUTO;90;24;66;44;33;11;0;0;0;0;0;0;0;0;0;0;0;0;297;71;226;0;0;0;0;0;0;0;0;0;0;0;0;0;0;0;13;3;10;0;0;0;0;0;0;3;2;1;0;0;0;1;1;0;20;75;19;56;44;43;1;0;0;0;8;0;8;2;1;1;5;4;1;185;40;145;63;45;18;0;0;0;6;1;5;0;0;0;3;1;2;246;48;48;0;0;0;0;198;198;0;0;0;0;0;0;0;0;0;0;0;0;0;0;0;0;0;4;0;4;4;0;0;0;0;0;0;0;0;0;gina.santana@uniminuto.edu;CARRERA 45 No. 22 D-25 KM 0 AUTOPISTA MEDELLÍN-BOGOTÁ;2020-11-29;Reporte correspondiente a febrero en el punto de atención Bello de UNIMINUTO;Gina Lorena Santana ;gina.santana@uniminuto.edu.co;;;HECTOR DAVID CARMOA CANO;hector.carmona@uniminuto.edu;;
22068;22068003;2023;02;Bolsa;Corporación Universidad Piloto De Colombia;Colombia;Nacional;CORPORACION UNIVERSIDAD PILOTO DE COLOMBIA VIRTUAL;55;32;23;0;0;0;0;0;0;0;0;0;0;0;0;0;0;0;101;71;30;0;0;0;0;0;0;0;0;0;0;0;0;0;0;0;0;0;0;0;0;0;0;0;0;0;0;0;0;0;0;0;0;0;19;0;0;0;0;0;0;0;0;0;0;0;0;0;0;0;0;0;0;0;0;0;0;0;0;0;0;0;0;0;0;0;0;0;0;0;0;0;0;0;0;0;0;0;0;0;0;0;0;0;0;0;0;0;0;0;0;0;0;0;0;0;0;0;0;0;1;0;0;0;0;0;0;0;0;0;"marcela-held@unipiloto.edu.co; egresados@unipiloto.edu.co";http://egresados.unipiloto.edu.co/universidad-piloto?v2=true;2020-11-29;ninguna;MARCELA HELD GOMEZ;marcela-held@unipiloto.edu.co;;;MARCELA HELD GOMEZ;marcela-held@unipiloto.edu.co;;
22125;22125007;2023;02;Bolsa;Universidad San Buenaventura;Colombia;Nacional;PUNTO VIRTUAL RESTRINGIDO- CARTAGENA;18;3;15;18;15;3;0;0;0;0;0;0;0;0;0;0;0;0;5;1;4;0;0;0;0;0;0;5;4;1;0;0;0;0;0;0;1;0;1;0;0;0;0;0;0;0;0;0;0;0;0;0;0;0;13;0;0;0;0;0;0;0;0;0;0;0;0;0;0;0;0;0;0;0;0;0;0;0;0;0;0;0;0;0;0;0;0;0;0;0;0;0;0;0;0;0;0;0;0;0;0;0;0;0;0;0;0;0;0;0;0;0;0;0;0;0;0;0;0;0;0;0;0;0;0;0;0;0;0;0;"bolsadeempleo@usbmed.edu.co; egresados@usbmed.edu.co";http://tutrabajo.usbcartagena.edu.co;2020-11-29;capacitaciones virtuales para nuestros oferentes y demandantes.;Sandra Milena Arias Giraldo;bolsadeempleo@usbmed.edu.co;;;Sergio Montoya Suárez;egresados@usbctg.edu.co;3157272362;3157272362
22223;22223013;2023;02;Bolsa;Universidad Cooperativa De Colombia;Antioquia;Apartadó;APARTADÓ;13;6;7;0;0;0;0;0;0;0;0;0;0;0;0;0;0;0;0;0;0;0;0;0;0;0;0;0;0;0;0;0;0;0;0;0;0;0;0;0;0;0;0;0;0;0;0;0;0;0;0;0;0;0;0;0;0;0;0;0;0;0;0;0;0;0;0;0;0;0;0;0;0;119;55;64;0;0;0;0;0;0;0;0;0;0;0;0;0;0;0;0;0;0;0;0;0;0;0;0;0;0;0;0;0;0;0;0;0;0;0;0;0;0;0;0;0;0;0;0;0;1;0;0;0;0;0;0;0;0;reina.duque@ucc.edu.co;CALLE 91 # 96 A -55 BARRIO MANZANARES;2020-11-29;Informe del mes de Febrero;Maria del Socorro Obando Brand;bolsaempleo.apa@campusucc.edu.co;;;Maria del Socorro Obando Brand;bolsaempleo.apa@campusucc.edu.co;;
22282;22282001;2023;02;Bolsa;CONSEJO PROFESIONAL DE ADMINISTRACIÓN DE EMPRESAS;Colombia;Nacional;CONSEJO PROFESIONAL DE ADMINISTRACIÓN DE EMPRESAS;37;23;14;0;0;0;0;0;0;0;0;0;0;0;0;0;0;0;21;12;9;0;0;0;0;0;0;0;0;0;0;0;0;0;0;0;0;0;0;0;0;0;0;0;0;0;0;0;0;0;0;0;0;0;416;15;5;10;0;0;0;0;0;0;0;0;0;0;0;0;0;0;0;16;10;6;0;0;0;0;0;0;0;0;0;0;0;0;0;0;0;0;0;0;0;0;0;0;0;0;0;0;0;0;0;0;0;0;0;0;0;0;0;0;0;0;0;16;10;6;5;0;0;0;0;0;0;0;0;0;promocionydivulgacion@cpae.gov.co;;;Más insight relevantes sobre los administradores de empresas;Ángela Maria Vargas Sánchez;promocionydivulgacion@cpae.gov.co;3183724733;3183724733;Ángela Maria Vargas Sánchez;promocionydivulgacion@cpae.gov.co;3183724733;3183724733
22113;22113002;2023;02;Bolsa;Universidad Catolica De Oriente;Colombia;Nacional;UNIVERSIDAD CATOLICA DE ORIENTE VIRTUAL-ANTIOQUIA;3;0;3;3;3;0;0;0;0;0;0;0;0;0;0;0;0;0;3;0;3;0;0;0;0;0;0;3;3;0;0;0;0;0;0;0;0;0;0;0;0;0;0;0;0;0;0;0;0;0;0;0;0;0;52;3;0;3;0;0;0;0;0;0;3;3;0;0;0;0;0;0;0;0;0;0;0;0;0;0;0;0;0;0;0;0;0;0;0;0;0;0;0;0;0;0;0;0;0;0;0;0;0;0;0;0;0;0;0;0;0;0;0;0;0;0;0;0;0;0;0;0;0;0;0;0;0;0;0;0;egresado.jefe@uco.edu.co;http://trabajemos.uco.edu.co/;2020-11-29;Ninguna;Mï¿½nica Liliana Lï¿½pez Garcï¿½a;egresado.jefe@uco.edu.co;;;Mï¿½nica Liliana Lï¿½pez Garcï¿½a;egresado.jefe@uco.edu.co;;
22141;22141001;2023;02;Bolsa;Fundación Universitaria Católica Lumen Gentium;Colombia;Nacional;FUNDACIÓN UNIVERSITARIA CATÓLICA LUMEN GENTIUM EDU.CO/;8;2;6;0;0;0;0;0;0;0;0;0;0;0;0;0;0;0;0;0;0;0;0;0;0;0;0;0;0;0;0;0;0;0;0;0;0;0;0;0;0;0;0;0;0;0;0;0;0;0;0;0;0;0;0;0;0;0;0;0;0;0;0;0;0;0;0;0;0;0;0;0;0;0;0;0;0;0;0;0;0;0;0;0;0;0;0;0;0;0;0;0;0;0;0;0;0;0;0;0;0;0;0;0;0;0;0;0;0;0;0;0;0;0;0;0;0;0;0;0;0;0;0;0;0;0;0;0;0;0;egresados@unicatolica.edu.co;https://www.elempleo.com/sitios-empresariales/colombia/unicatolica/;2020-11-29;Es importante aclarar que aún no tenemos la utorización para prestar el servicio. Por ende se reporta en 0. Por otro lado, se informe que no se pudo realizar el reporte de enero debido a que la plataforma no permitió.;Olga Lucia Ocampo Delgado;egresados@unicatolica.edu.co;;;Olga Lucia Ocampo Delgado;egresados@unicatolica.edu.co;;
22136;22136001;2023;02;Bolsa;Universidad Icesi;Valle Del Cauca;Cali;UNIVERSIDAD ICESI;8;5;3;8;3;5;0;0;0;0;0;0;0;0;0;0;0;0;23;10;13;0;0;0;0;0;0;23;13;10;0;0;0;0;0;0;6;4;2;0;0;0;0;0;0;6;2;4;0;0;0;0;0;0;7;11;5;6;0;0;0;0;0;0;11;6;5;0;0;0;0;0;0;76;40;36;76;36;40;0;0;0;0;0;0;0;0;0;0;0;0;0;0;0;0;0;0;0;0;0;0;0;0;0;0;0;0;0;0;0;0;0;0;0;0;0;0;0;0;0;2;0;0;0;0;0;0;0;0;0;;Calle 18 No. 122-135;44492;Ninguno;LORENA NARANJO TAFUR;Lnaranjo@icesi.edu.co;3044834283;3044834283;LORENA NARANJO TAFUR;Lnaranjo@icesi.edu.co;3044834283;3044834283
22136;22136002;2023;02;Bolsa;Universidad Icesi;Colombia;Nacional;UNIVERSIDAD ICESI CALLE CALLE 18 No. 122-135, BARRIO PANCE;8;3;5;8;5;3;0;0;0;0;0;0;0;0;0;0;0;0;32;12;20;0;0;0;0;0;0;32;20;12;0;0;0;0;0;0;12;8;4;0;0;0;0;0;0;12;4;8;0;0;0;0;0;0;2;7;2;5;0;0;0;0;0;0;7;5;2;0;0;0;0;0;0;65;35;30;65;30;35;0;0;0;0;0;0;0;0;0;0;0;0;0;0;0;0;0;0;0;0;0;0;0;0;0;0;0;0;0;0;0;0;0;0;0;0;0;0;0;0;0;0;0;0;0;0;0;0;0;0;0;lmmontenegro@icesi.edu.co;www.icesi.edu.co;2020-11-29;Ninguna;Lina Marianne Montenegro Cetina;lmmontenegro@icesi.edu.co;;;LORENA NARANJO TAFUR;Lnaranjo@icesi.edu.co;3044834283;3044834283
22133;22133011;2023;02;Bolsa;Corporación Universitaria Minuto De Dios-uniminuto;Huila;Neiva;CORPORACIÓN UNIVERSITARIA MINUTO DE DIOS-UNIMINUTO;122;20;102;107;90;17;0;0;0;0;0;0;0;0;0;0;0;0;65;12;53;0;0;0;0;0;0;62;50;12;0;0;0;0;0;0;5;1;4;0;0;0;0;0;0;5;4;1;0;0;0;0;0;0;11;5;0;5;0;0;0;0;0;0;4;4;0;0;0;0;0;0;0;25;8;17;24;16;8;0;0;0;0;0;0;0;0;0;0;0;0;0;0;0;0;0;0;0;0;0;0;0;0;0;0;0;0;0;0;0;0;0;0;0;0;0;0;0;0;0;0;0;0;0;0;0;0;0;0;0;gina.santana@uniminuto.edu;CALLE 18 # 5A - 31 BARRIO QUIRINAL ;2020-11-29;NINGUNO;Nelcy  Rivera Perdomo;nelcy.rivera@uniminuto.edu;;;HELLEN JOHNLUZ GUERRERO ARGUELLO;hellen.guerrero@uniminuto.edu;;3123733846
22133;22133002;2023;02;Bolsa;Corporación Universitaria Minuto De Dios-uniminuto;Valle Del Cauca;Cali;CORPORACIÓN UNIVERSITARIA MINUTO DE DIOS-UNIMINUTO;4;3;1;0;0;0;0;0;0;0;0;0;0;0;0;0;0;0;0;0;0;0;0;0;0;0;0;0;0;0;0;0;0;0;0;0;1;1;0;0;0;0;0;0;0;0;0;0;0;0;0;0;0;0;8;3;2;1;0;0;0;0;0;0;0;0;0;0;0;0;0;0;0;0;0;0;0;0;0;0;0;0;0;0;0;0;0;0;0;0;0;0;0;0;0;0;0;0;0;0;0;0;0;0;0;0;0;0;0;0;0;0;0;0;0;0;0;0;0;0;2;0;0;0;0;0;0;0;0;0;gina.santana@uniminuto.edu;CARRERA 25 # 2-01 PISO 2;2020-11-29;Ninguna;Gina Lorena Santana ;gina.santana@uniminuto.edu.co;;;LORENA MARMOLEJO;lorena.marmolejo@uniminuto.edu;;
22299;22299001;2023;02;Bolsa;Universidad Tecnológica De Bolivar;Colombia;Nacional;UNIVERSIDAD TECNOLÓGICA DE BOLÍVAR-VIRTUAL RESTRINGIDO;44;26;18;0;0;0;0;0;0;0;0;0;0;0;0;0;0;0;231;165;66;0;0;0;0;0;0;0;0;0;0;0;0;0;0;0;0;0;0;0;0;0;0;0;0;0;0;0;0;0;0;0;0;0;58;0;0;0;0;0;0;0;0;0;0;0;0;0;0;0;0;0;0;15;5;10;0;0;0;0;0;0;0;0;0;0;0;0;0;0;0;0;0;0;0;0;0;0;0;0;0;0;0;0;0;0;0;0;0;0;0;0;0;0;0;0;0;0;0;0;0;0;0;0;0;0;0;0;0;0;gmuvdi@utb.edu.co;http://empleo.utb.edu.co;2020-11-29;No hay observaciones;Giovanna Muvdi Carrasquilla;gmuvdi@utb.edu.co;;;Giovanna Muvdi Carrasquilla;gmuvdi@utb.edu.co;;
22289;22289001;2023;02;Bolsa;Universidad De Antioquia;Colombia;Nacional;UNIVERSIDAD DE ANTIOQUIA;73;37;36;0;0;0;0;0;0;0;0;0;0;0;0;0;0;0;249;151;98;0;0;0;0;0;0;0;0;0;0;0;0;0;0;0;1;1;0;0;0;0;0;0;0;0;0;0;0;0;0;0;0;0;24;0;0;0;0;0;0;0;0;0;0;0;0;0;0;0;0;0;0;0;0;0;0;0;0;0;0;0;0;0;0;0;0;0;0;0;0;0;0;0;0;0;0;0;0;0;0;0;0;0;0;0;0;0;0;0;0;0;0;0;0;0;0;0;0;0;0;0;0;0;0;0;0;0;0;0;egresados@udea.edu.co;http://www.elempleo.com/colombia/Files/BasesUniversitarias/universidad-antioquia/Home.aspx;2020-11-29;.;Marï¿½a Eugenia Ramï¿½rez Guzmï¿½n;egresados@udea.edu.co;;;Marï¿½a Eugenia Ramï¿½rez Guzmï¿½n;egresados@udea.edu.co;;
22223;22223012;2023;02;Bolsa;Universidad Cooperativa De Colombia;Córdoba;Montería;MONTERÍA;2;0;2;0;0;0;0;0;0;0;0;0;0;0;0;0;0;0;0;0;0;0;0;0;0;0;0;0;0;0;0;0;0;0;0;0;0;0;0;0;0;0;0;0;0;0;0;0;0;0;0;0;0;0;0;0;0;0;0;0;0;0;0;0;0;0;0;0;0;0;0;0;0;2;1;1;0;0;0;0;0;0;0;0;0;0;0;0;0;0;0;0;0;0;0;0;0;0;0;0;0;0;0;0;0;0;0;0;0;0;0;0;0;0;0;0;0;0;0;0;0;1;0;0;0;0;0;0;0;0;reina.duque@ucc.edu.co;CALLE 52a # 6-79 BARRIO LA CASTELLANA;2020-11-29;1;Reina Cecilia Duque Velez;reina.duque@ucc.edu.co;;;Daniela Gallego;daniela.gallegov@ucc.edu.co;;3218896949
22223;22223008;2023;02;Bolsa;Universidad Cooperativa De Colombia;Arauca;Arauca;ARAUCA;0;0;0;0;0;0;0;0;0;0;0;0;0;0;0;0;0;0;0;0;0;0;0;0;0;0;0;0;0;0;0;0;0;0;0;0;0;0;0;0;0;0;0;0;0;0;0;0;0;0;0;0;0;0;0;13;7;6;0;0;0;0;0;0;0;0;0;0;0;0;0;0;0;14;8;6;0;0;0;0;0;0;0;0;0;0;0;0;0;0;0;0;0;0;0;0;0;0;0;0;0;0;0;0;0;0;0;0;0;0;0;0;0;0;0;0;0;0;0;0;0;0;0;0;0;0;0;0;0;0;reina.duque@ucc.edu.co;CARRERA 12 # 21-70 BARRIO UNIÓN ;2020-11-29;Na;Yajaira Alejandra Lï¿½pez Alarcï¿½n;yajaira.lopez@ucc.edu.co;;;Yajaira Alejandra Lï¿½pez Alarcï¿½n;yajaira.lopez@ucc.edu.co;;
22133;22133008;2023;02;Bolsa;Corporación Universitaria Minuto De Dios-uniminuto;Meta;Villavicencio;CORPORACIÓN UNIVERSITARIA MINUTO DE DIOS-UNIMINUTO;30;9;21;0;0;0;0;0;0;0;0;0;0;0;0;0;0;0;82;22;60;0;0;0;0;0;0;0;0;0;0;0;0;0;0;0;6;3;3;0;0;0;0;0;0;0;0;0;0;0;0;0;0;0;8;26;5;21;0;0;0;0;0;0;18;13;5;0;0;0;0;0;0;41;19;22;40;21;19;0;0;0;0;0;0;0;0;0;0;0;0;0;0;0;0;0;0;0;0;0;0;0;0;0;0;0;0;0;0;0;0;0;0;0;0;0;0;0;0;0;0;0;0;0;0;0;0;0;0;0;gina.santana@uniminuto.edu;CALLE 40 No. 33a-19 Barrio Centro ;2020-11-29;Ninguna;Lina Andrea Lozano ;lina.lozano@uniminuto.edu.co ;;;Nidia Janeth Suárez Velasco;nidia.suarez@uniminuto.edu;320 3991930;320 3991930
22293;22295001;2023;02;Bolsa;Escuela Tecnológica Instituto Técnico Central;Colombia;Nacional;ETITC;32;28;4;32;4;28;0;0;0;0;0;0;0;0;0;0;0;0;281;207;74;0;0;0;0;0;0;281;74;207;0;0;0;0;0;0;0;0;0;0;0;0;0;0;0;0;0;0;0;0;0;0;0;0;41;0;0;0;0;0;0;0;0;0;0;0;0;0;0;0;0;0;0;0;0;0;0;0;0;0;0;0;0;0;0;0;0;0;0;0;0;0;0;0;0;0;0;0;0;0;0;0;0;0;0;0;0;0;0;0;0;0;0;0;0;0;0;0;0;0;22;0;0;0;0;0;0;0;0;0;egresados@itc.edu.co;http://empleabilidad.itc.edu.co/;2020-11-29;informamos que no todos los empresarios reportaron los contratados , se envió correo solicitando la actualización y registro;Ricardo  Naranjo Riveros;egresados@itc.edu.co;;;Ricardo  Naranjo Riveros;egresados@itc.edu.co;;
22133;22133010;2023;02;Bolsa;Corporación Universitaria Minuto De Dios-uniminuto;Tolima;Ibagué;CORPORACIÓN UNIVERSITARIA MINUTO DE DIOS-UNIMINUTO;62;16;46;49;41;8;0;0;0;0;0;0;0;0;0;0;0;0;27;2;25;0;0;0;0;0;0;14;14;0;0;0;0;0;0;0;1;0;1;0;0;0;0;0;0;0;0;0;0;0;0;0;0;0;3;28;3;25;0;0;0;0;0;0;18;18;0;0;0;0;0;0;0;34;7;27;14;13;1;0;0;0;0;0;0;0;0;0;0;0;0;0;0;0;0;0;0;0;0;0;0;0;0;0;0;0;0;0;0;0;0;0;0;0;0;0;0;0;0;0;0;0;0;0;0;0;0;0;0;0;gina.santana@uniminuto.edu;CALLE 87 No. 20-98 Barrio Chicalá;2020-11-29;Para la discriminación en lo que respecta a victimas, Personas con discapacidad se hace complicado al no contar con una base con dicha información. Seria importante que desde la gestión que ustedes realizan se pudiera contar con dicha herramienta para así poder cruzar con los datos de nuestra gestión.;Gina Lorena Santana ;gina.santana@uniminuto.edu.co;;;HERNAN DARIO GARCIA ROJAS;hernan.garcia@uniminuto.edu;;
22244;22244001;2023;02;Bolsa;Corporación Universitaria Del Huila;Colombia;Nacional;CORPORACIÓN UNIVERSITARIA DEL HUILA-VIRTUAL;26;21;5;0;0;0;0;0;0;0;0;0;0;0;0;0;0;0;6;3;3;0;0;0;0;0;0;0;0;0;0;0;0;0;0;0;0;0;0;0;0;0;0;0;0;0;0;0;0;0;0;0;0;0;0;5;5;0;0;0;0;0;0;0;0;0;0;0;0;0;0;0;0;0;0;0;0;0;0;0;0;0;0;0;0;0;0;0;0;0;0;0;0;0;0;0;0;0;0;0;0;0;0;0;0;0;0;0;0;0;0;0;0;0;0;0;0;0;0;0;0;0;0;0;0;0;0;0;0;0;egresados@corhuila.edu.co;http://standlaboral.corhuila.edu.co/;2020-11-29;.;Leyda Yohana Garcï¿½a Muï¿½oz;egresados@corhuila.edu.co;;;Leyda Yohana Garcï¿½a Muï¿½oz;egresados@corhuila.edu.co;;
22118;22118002;2023;02;Bolsa;Universidad De Los Andes;Colombia;Nacional;UNIVERSIDAD DE LOS ANDES;642;392;250;0;0;0;0;0;0;0;0;0;0;0;0;0;0;0;6605;4870;1735;0;0;0;0;0;0;0;0;0;0;0;0;0;0;0;6;3;3;0;0;0;0;0;0;0;0;0;0;0;0;0;0;0;41;84;36;48;0;0;0;0;0;0;0;0;0;0;0;0;0;0;0;117;54;63;0;0;0;0;0;0;0;0;0;0;0;0;0;0;0;0;0;0;0;0;0;0;0;0;0;0;0;0;0;0;0;0;0;0;0;0;0;0;0;0;0;0;0;0;15;1;219;163;56;0;0;0;7;1;mc.venegas587@uniandes.edu.co;http://ctp.uniandes.edu.co;2020-11-29;Ninguna;Marï¿½a Camila Venegas Sï¿½nchez;mc.venegas587@uniandes.edu.co;;;Millerlandy Leal Gutiérrez;mileal@uniandes.edu.co;339 49 49 ext: 2074;316 757 90 08
22223;22223004;2023;02;Bolsa;Universidad Cooperativa De Colombia;Tolima;Ibagué;IBAGUÉ;5;3;2;5;2;3;0;0;0;0;0;0;0;0;0;0;0;0;26;21;5;0;0;0;0;0;0;26;5;21;0;0;0;0;0;0;0;0;0;0;0;0;0;0;0;0;0;0;0;0;0;0;0;0;1;0;0;0;0;0;0;0;0;0;0;0;0;0;0;0;0;0;0;237;97;140;237;140;97;0;0;0;0;0;0;0;0;0;0;0;0;0;0;0;0;0;0;0;0;0;0;0;0;0;0;0;0;0;0;0;0;0;0;0;0;0;0;0;0;0;0;1;0;0;0;0;0;0;0;0;reina.duque@ucc.edu.co;CALLE 10 # 1 -120 EDIFICIO URRUTÍA.;2020-11-29;Ninguna;Astrid Helena Herrera Gongora;bolsaempleo.ibg@campusucc.edu.co;;;Astrid Helena Herrera Gongora;bolsaempleo.ibg@campusucc.edu.co;;
14107;14107001;2023;02;Agencia;Universia;Colombia;Nacional;UNIVERSIA VIRTUAL;644;282;362;0;0;0;0;0;0;0;0;0;0;0;0;0;0;0;374;203;171;0;0;0;0;0;0;0;0;0;0;0;0;0;0;0;26;8;18;0;0;0;0;0;0;0;0;0;0;0;0;0;0;0;217;0;0;0;0;0;0;0;0;0;0;0;0;0;0;0;0;0;0;0;0;0;0;0;0;0;0;0;0;0;0;0;0;0;0;0;0;0;0;0;0;0;0;0;0;0;0;0;0;0;0;0;0;0;0;0;0;0;0;0;0;0;0;0;0;0;0;0;0;0;0;0;0;0;0;0;"jonatan.mora@universia.net.co; hernan.pinzon@universia.net.co";https://empleos.universia.net.co/;2020-11-29;0;Jonatan Alexander Mora ;jonatan.mora@universia.net.co;;;Jonatan Alexander Mora ;jonatan.mora@universia.net.co;;
22223;22223003;2023;02;Bolsa;Universidad Cooperativa De Colombia;Risaralda;Pereira;PEREIRA;7;3;4;3;1;2;0;0;0;0;0;0;0;0;0;0;0;0;13;5;8;0;0;0;0;0;0;8;3;5;0;0;0;1;1;0;1;0;1;0;0;0;0;0;0;1;1;0;0;0;0;0;0;0;2;2;0;2;0;0;0;0;0;0;2;2;0;0;0;0;1;1;0;20;7;13;0;0;0;0;0;0;0;0;0;0;0;0;0;0;0;0;0;0;0;0;0;0;0;0;0;0;0;0;0;0;0;0;0;0;0;0;0;0;0;0;0;0;0;0;0;1;0;0;0;0;0;0;0;0;reina.duque@ucc.edu.co;COMPLEJO EDUCATIVO LA JULITA, FRENTE A LA CANCHA DE LA UTP. Pereira;2020-11-29;En el reporte de número de personas atendidas en entrevistas de orientación ocupacional, se aclara que aunque fueron 2 personas asesoradas, al discriminar en grupos poblacionales se reportan 3, ya que una de las egresadas cumple con 2 condiciones: jóven y pertenece a una étnia.;Marï¿½a Alexandra Orozco Lï¿½pez;bolsaempleo.per@campusucc.edu.co;;;Marï¿½a Alexandra Orozco Lï¿½pez;bolsaempleo.per@campusucc.edu.co;;
22133;22133005;2023;02;Bolsa;Corporación Universitaria Minuto De Dios-uniminuto;Santander;Bucaramanga;CORPORACIÓN UNIVERSITARIA MINUTO DE DIOS-UNIMINUTO;4;1;3;3;2;1;0;0;0;0;0;0;0;0;0;0;0;0;16;5;11;0;0;0;0;0;0;9;7;2;0;0;0;0;0;0;7;1;6;0;0;0;0;0;0;6;5;1;0;0;0;0;0;0;1;16;6;10;0;0;0;0;0;0;9;7;2;0;0;0;0;0;0;30;7;23;6;6;0;0;0;0;0;0;0;0;0;0;0;0;0;0;0;0;0;0;0;0;0;0;0;0;0;0;0;0;0;0;0;0;0;0;0;0;0;0;0;0;0;0;0;0;0;0;0;0;0;0;0;0;gina.santana@uniminuto.edu;CALLE 28 # 21-41 SEGUNDO PISO;2020-11-29;Ninguna;Lina Andrea Lozano ;lina.lozano@uniminuto.edu.co ;;;Guillermo Andres Anaya Gutierrez;guillermo.anaya@uniminuto.edu;;3212008652
22030;22030001;2023;02;Bolsa;COLEGIO MAYOR DE ANTIOQUIA;Colombia;;COLEGIO MAYOR DE ANTIOQUIA;4;1;3;0;0;0;0;0;0;0;0;0;0;0;0;0;0;0;4;1;3;0;0;0;0;0;0;0;0;0;0;0;0;0;0;0;0;0;0;0;0;0;0;0;0;0;0;0;0;0;0;0;0;0;0;0;0;0;0;0;0;0;0;0;0;0;0;0;0;0;0;0;0;0;0;0;0;0;0;0;0;0;0;0;0;0;0;0;0;0;0;0;0;0;0;0;0;0;0;0;0;0;0;0;0;0;0;0;0;0;0;0;0;0;0;0;0;0;0;0;0;0;0;0;0;0;0;0;0;0;centrograduados@colmayor.edu.co;https://www.elempleo.com/co/sitio-empresarial/colegio-mayor-antioquia;2021-03-03;Este reporte corresponde a los primero ocho dias del mes de febrero en el cual aun teniamos autorización para hacer gestión de la bolsa de empleo.;Yessica Jaramillo Roldán;centrograduados@colmayor.edu.co;3104430581;3104430581;Yessica Jaramillo Roldán;centrograduados@colmayor.edu.co;3104430581;3104430581
14224;14224001;2023;02;Agencia;Gente Competente;Antioquia;Medellín;GENTE COMPETENTE EL POBLADO;0;0;0;0;0;0;0;0;0;0;0;0;0;0;0;0;0;0;0;0;0;0;0;0;0;0;0;0;0;0;0;0;0;0;0;0;0;0;0;0;0;0;0;0;0;0;0;0;0;0;0;0;0;0;0;0;0;0;0;0;0;0;0;0;0;0;0;0;0;0;0;0;0;0;0;0;0;0;0;0;0;0;0;0;0;0;0;0;0;0;0;0;0;0;0;0;0;0;0;0;0;0;0;0;0;0;0;0;0;0;0;0;0;0;0;0;0;0;0;0;0;0;0;0;0;0;0;0;0;0;katherin.ramirez@gentecompetente.com;http://www.gentecompetente.com;2021-15-03;El reporte del mes de FEBRERO de 2023 se manda en ceros, porque estamos trabajando 100% de manera remota.;Diego Alejandr García Carmona;diego.garcia@gentecompetente.com;;3148564205;Diego Alejandr García Carmona;diego.garcia@gentecompetente.com;;3148564205
22133;22133018;2023;02;Bolsa;Corporación Universitaria Minuto De Dios-uniminuto;Cundinamarca;Zipaquirá;CORPORACIÓN UNIVERSITARIA MINUTO DE DIOS-UNIMINUTO;37;12;25;0;0;0;0;0;0;0;0;0;0;0;0;0;0;0;28;9;19;0;0;0;0;0;0;0;0;0;0;0;0;0;0;0;0;0;0;0;0;0;0;0;0;3;2;1;0;0;0;0;0;0;3;14;2;12;0;0;0;0;0;0;0;0;0;0;0;0;0;0;0;0;0;0;0;0;0;0;0;0;0;0;0;0;0;0;0;0;0;0;0;0;0;0;0;0;0;0;0;0;0;0;0;0;0;0;0;0;0;0;0;0;0;0;0;0;0;0;0;0;0;0;0;0;0;0;0;0;gina.santana@uniminuto.edu;Centro Progresa EPE-ZIPAQUIRA Avenida Carrera 15 No 1a-22 SUR, BARRIO LA FRAGUITA;2020-11-29;Ninguna;Lina Andrea Lozano ;lina.lozano@uniminuto.edu;;;Erika Alexandra Velosa Quintero;erika.velosa@uniminuto.edu;3212494388;3212494388
22223;22223010;2023;02;Bolsa;Universidad Cooperativa De Colombia;Meta;Villavicencio;VILLAVICENCIO;9;1;8;0;0;0;0;0;0;0;0;0;0;0;0;0;0;0;0;0;0;0;0;0;0;0;0;0;0;0;0;0;0;0;0;0;0;0;0;0;0;0;0;0;0;0;0;0;0;0;0;0;0;0;3;9;1;8;0;0;0;0;0;0;0;0;0;0;0;0;0;0;0;103;46;57;0;0;0;0;0;0;0;0;0;0;0;0;0;0;0;0;0;0;0;0;0;0;0;0;0;0;0;0;0;0;0;0;0;0;0;0;0;0;0;0;0;0;0;0;0;0;0;0;0;0;0;0;0;0;reina.duque@ucc.edu.co;CARRERA 22 #7 -06 SUR BARRIO LA ROSITA;2020-11-29;N/A;Lina Marcela Jimenez Jimenez;bolsaempleo.vil@campusucc.edu.co;;3214254520;Lina Marcela Jimenez Jimenez;bolsaempleo.vil@campusucc.edu.co;;3214254520
22115;22115002;2023;02;Bolsa;UNIVERSIDAD DE CARTAGENA;Colombia;Nacional;UNIVERSIDAD DE CARTAGENA;104;45;59;104;59;45;0;0;0;0;0;0;0;0;0;0;0;0;16;10;6;0;0;0;0;0;0;16;6;10;0;0;0;0;0;0;0;0;0;0;0;0;0;0;0;0;0;0;0;0;0;0;0;0;6;0;0;0;0;0;0;0;0;0;0;0;0;0;0;0;0;0;0;0;0;0;0;0;0;0;0;0;0;0;0;0;0;0;0;0;0;0;0;0;0;0;0;0;0;0;0;0;0;0;0;0;0;0;0;0;0;0;0;0;0;0;0;0;0;0;0;0;0;0;0;0;0;0;0;0;;http://insercionlaboral.unicartagena.edu.co/;44492;Sin novedad;;;;;Jessel Maria Colley Sierra;empleo@unicartagena.edu.co;3003433982;3003433982
14315;14315002;2023;02;Agencia;Gestión Competitiva S.a.s.;Colombia;Nacional;GESTION COMPETITIVA S.A.S.(Virtual);30;11;19;13;9;4;0;0;0;0;0;0;0;0;0;0;0;0;7;5;2;0;0;0;0;0;0;2;0;2;0;0;0;0;0;0;2;2;0;0;0;0;0;0;0;1;0;1;0;0;0;0;0;0;0;13;9;4;0;0;0;0;0;0;7;1;6;0;0;0;0;0;0;0;0;0;0;0;0;0;0;0;0;0;0;0;0;0;0;0;0;0;0;0;0;0;0;0;0;0;0;0;0;0;0;0;0;0;0;0;0;0;0;0;0;0;0;0;0;0;0;0;0;0;0;0;0;0;0;0;"cjbohorquez@gestioncompetitiva.com; servicioalcliente@gestioncompetitiva.com ";http://www.elempleo.com/co/base-empresarial/gestion-competitiva/17637;2020-11-29;Ninguna;Claudia Janeth Bohï¿½rquez Morales;cjbohorquez@gestioncompetitiva.com;;;Claudia Janeth Bohï¿½rquez Morales;cjbohorquez@gestioncompetitiva.com;;
14224;14224002;2023;02;Agencia;Gente Competente;Colombia;Nacional;GENTE COMPETENTE EL POBLADO;18;11;7;5;2;3;0;0;0;0;0;0;0;0;0;0;0;0;9;3;6;0;0;0;0;0;0;2;1;1;0;0;0;0;0;0;3;1;2;0;0;0;0;0;0;1;0;1;0;0;0;0;0;0;3;0;0;0;0;0;0;0;0;0;0;0;0;0;0;0;0;0;0;0;0;0;0;0;0;0;0;0;0;0;0;0;0;0;0;0;0;0;0;0;0;0;0;0;0;0;0;0;0;0;0;0;0;0;0;0;0;0;0;0;0;0;0;0;0;0;0;0;0;0;0;0;0;0;0;0;katherin.ramirez@gentecompetente.com;http://www.gentecompetente.com;2020-11-29;Reporte mes marzo 2023;Diego Alejandr García Carmona;diego.garcia@gentecompetente.com;;3148564205;Diego Alejandr García Carmona;diego.garcia@gentecompetente.com;;3148564205
12280;12280001;2023;02;Bolsa;Unidades Tecnológicas De Santander;Colombia;Nacional;Unidades Tecnológicas de Santander;53;25;28;53;28;25;0;0;0;0;0;0;0;0;0;0;0;0;12;8;4;0;0;0;0;0;0;12;4;8;0;0;0;0;0;0;2;1;1;0;0;0;0;0;0;0;0;0;0;0;0;0;0;0;8;10;5;5;0;0;0;0;0;0;10;5;5;0;0;0;0;0;0;52;22;30;52;30;22;0;0;0;0;0;0;0;0;0;0;0;0;0;0;0;0;0;0;0;0;0;0;0;0;0;0;0;0;0;0;0;0;0;0;0;0;0;0;37;12;25;0;0;0;0;0;0;0;0;0;0;hramirez@correo.uts.edu.co;http://www.trabajando.uts.edu.co;2020-11-29;Se realiza el informe de actividades de la bolsa de empleo de FEBRERO de 2023, donde se visualiza poca actividad académica debido al periodo inicial del semestre académico.;;;;;YOLANDA ORTIZ;extension@correo.uts.edu.co;;
12280;12280002;2023;02;Bolsa;Unidades Tecnológicas De Santander;Santander;Bucaramanga;Unidades tecnologicas de santander;13;6;7;13;7;6;0;0;0;0;0;0;0;0;0;0;0;0;3;2;1;0;0;0;0;0;0;3;1;2;0;0;0;0;0;0;1;1;0;0;0;0;0;0;0;1;0;1;0;0;0;0;0;0;2;2;1;1;0;0;0;0;0;0;2;1;1;0;0;0;0;0;0;14;6;8;14;8;6;0;0;0;0;0;0;0;0;0;0;0;0;0;0;0;0;0;0;0;0;0;0;0;0;0;0;0;0;0;0;0;0;0;0;0;0;0;0;9;3;6;0;0;0;0;0;0;0;0;0;0;hramirez@correo.uts.edu.co;"calle de los estudiantes 9-82 edificio A piso 3 Bucaramanga
";2021-09-10;Se realiza el informe de actividades de la bolsa de empleo de febrero de 2023, donde se visualiza poca actividad académica debido al periodo inicial del semestre académico;;;;;YOLANDA ORTIZ;extension@correo.uts.edu.co;;
22133;22133001;2023;02;Bolsa;Corporación Universitaria Minuto De Dios-uniminuto;Bogotá, D.c.;Bogotá, D.c.;CORPORACIÓN UNIVERSITARIA MINUTO DE DIOS-UNIMINUTO;287;99;188;0;0;0;0;0;0;0;0;0;0;0;0;0;0;0;342;100;242;0;0;0;0;0;0;0;0;0;0;0;0;0;0;0;7;2;5;0;0;0;0;0;0;0;0;0;0;0;0;0;0;0;45;504;149;355;0;0;0;0;0;0;0;0;0;0;0;0;0;0;0;0;0;0;0;0;0;0;0;0;0;0;0;0;0;0;0;0;0;0;0;0;0;0;0;0;0;0;0;0;0;0;0;0;0;0;0;0;0;0;0;0;0;0;0;0;0;0;18;0;0;0;0;0;0;0;0;0;gina.santana@uniminuto.edu;TRANSVERSAL 75 A No. 81 i 16 BARRIO MINUTO DE DIOS;2020-11-29;Cifras en Bogotá ( Presencial - Distancia);Gina Lorena Santana ;gina.santana@uniminuto.edu.co;;;Lina Andrea Lozano ;lina.lozano@uniminuto.edu;;
14228;14228001;2023;02;Agencia;Tasa Worldwilde S.a;Bogotá, D.c.;Bogotá, D.c.;Tasa worldwide-Centro Bogotá;4;2;2;0;0;0;0;0;0;0;0;0;0;0;0;0;0;0;4;2;2;0;0;0;0;0;0;0;0;0;0;0;0;0;0;0;1;0;1;0;0;0;0;0;0;0;0;0;0;0;0;0;0;0;1;0;0;0;0;0;0;0;0;0;0;0;0;0;0;0;0;0;0;0;0;0;0;0;0;0;0;0;0;0;0;0;0;0;0;0;0;0;0;0;0;0;0;0;0;0;0;0;0;0;0;0;0;0;0;0;0;0;0;0;0;0;0;0;0;0;0;0;0;0;0;0;0;0;0;0;nubia.estrada@tasa.com.co;CALLE 72 # 10-70 TORRE A OFICINA 1001;2020-11-29;Gracias;NUBIA CECILIA ESTRADA RONCANCIO;nubia.estrada@tasa.com.co;;;NUBIA CECILIA ESTRADA RONCANCIO;nubia.estrada@tasa.com.co;;
22223;22223001;2023;02;Bolsa;Universidad Cooperativa De Colombia;Antioquia;Medellín;MEDELLÍN;8;4;4;0;0;0;0;0;0;0;0;0;0;0;0;0;0;0;6;5;1;0;0;0;0;0;0;0;0;0;0;0;0;0;0;0;0;0;0;0;0;0;0;0;0;0;0;0;0;0;0;0;0;0;6;5;2;3;0;0;0;0;0;0;0;0;0;0;0;0;0;0;0;118;54;64;0;0;0;0;0;0;0;0;0;0;0;0;0;0;0;118;54;54;0;0;0;0;64;64;0;0;0;0;118;54;54;0;0;0;0;64;64;0;0;0;0;0;0;0;0;1;0;0;0;0;0;0;0;0;reina.duque@ucc.edu.co;CALLE 50 No 41-70 BLOQUE 2;2020-11-29;NA;Ana Paulina Valderrama;bolsaempleo.med@campusucc.edu.co;;;Ana Paulina Valderrama;bolsaempleo.med@campusucc.edu.co;;
22133;22133017;2023;02;Bolsa;Corporación Universitaria Minuto De Dios-uniminuto;Nariño;Pasto;CORPORACIÓN UNIVERSITARIA MINUTO DE DIOS-UNIMINUTO;56;24;32;0;0;0;0;0;0;0;0;0;0;0;0;0;0;0;23;8;15;0;0;0;0;0;0;0;0;0;0;0;0;0;0;0;2;0;2;0;0;0;0;0;0;0;0;0;0;0;0;0;0;0;3;27;6;21;0;0;0;0;0;0;0;0;0;0;0;0;0;0;0;0;0;0;0;0;0;0;0;0;0;0;0;0;0;0;0;0;0;0;0;0;0;0;0;0;0;0;0;0;0;0;0;0;0;0;0;0;0;0;0;0;0;0;0;2;1;1;0;0;0;0;0;0;0;0;0;0;gina.santana@uniminuto.edu;CARRERA 27 # 18-26;2020-11-29;N/A;Lina Andrea Lozano ;lina.lozano@uniminuto.edu;;;NATHALIA GUERRERO QUINTERO;nathalia.guerrero.q@uniminuto.edu;;3013616925
22133;22133019;2023;02;Bolsa;Corporación Universitaria Minuto De Dios-uniminuto;Cundinamarca;Soacha;CORPORACIÓN UNIVERSITARIA MINUTO DE DIOS-UNIMINUTO;16;5;11;10;7;3;0;0;0;0;0;0;0;0;0;0;0;0;24;8;16;0;0;0;0;0;0;19;13;6;0;0;0;0;0;0;4;1;3;0;0;0;0;0;0;4;3;1;0;0;0;0;0;0;0;41;9;32;0;0;0;0;0;0;28;21;7;0;0;0;0;0;0;118;51;67;102;62;40;0;0;0;0;0;0;0;0;0;0;0;0;0;0;0;0;0;0;0;0;0;0;0;0;0;0;0;0;0;0;0;0;0;0;0;0;0;0;0;0;0;0;0;0;0;0;0;0;0;0;0;gina.santana@uniminuto.edu;TRANSVERSAL 5 No 5 G 95 LAGOS DE MALIBÚ;2020-11-29;No Aplica;Lina Andrea Lozano ;lina.lozano@uniminuto.edu;;;Yeimi Marcela Garcia Escobar;yegarcia@uniminuto.edu;3006858637;3006858637
14160;14160003;2023;02;Agencia;Aristos Consultores De Gerencia;Atlántico;Barranquilla;ARISTOS CONSULTORES DE GERENCIA CALLE 77;34;22;12;0;0;0;0;0;0;0;0;0;0;0;0;0;0;0;26;21;5;0;0;0;0;0;0;0;0;0;0;0;0;0;0;0;3;2;1;0;0;0;0;0;0;0;0;0;0;0;0;0;0;0;2;0;0;0;0;0;0;0;0;0;0;0;0;0;0;0;0;0;0;0;0;0;0;0;0;0;0;0;0;0;0;0;0;0;0;0;0;0;0;0;0;0;0;0;0;0;0;0;0;0;0;0;0;0;0;0;0;0;0;0;0;0;0;0;0;0;0;0;0;0;0;0;0;0;0;0;lsbotero@aristosweb.com;CALLE 77 B No. 57-103 OFICINA 809;2020-11-29;Ninguna.;LUZ ESTELA BOTERO ;lsbotero@aristosweb.com;;;LUZ ESTELA BOTERO ;lsbotero@aristosweb.com;;
14160;14160002;2023;02;Agencia;Aristos Consultores De Gerencia;Antioquia;Medellín;ARISTOS CONSULTORES DE GERENCIA CARRERA 43;86;55;31;0;0;0;0;0;0;0;0;0;0;0;0;0;0;0;21;11;10;0;0;0;0;0;0;0;0;0;0;0;0;0;0;0;6;6;0;0;0;0;0;0;0;0;0;0;0;0;0;0;0;0;5;0;0;0;0;0;0;0;0;0;0;0;0;0;0;0;0;0;0;0;0;0;0;0;0;0;0;0;0;0;0;0;0;0;0;0;0;0;0;0;0;0;0;0;0;0;0;0;0;0;0;0;0;0;0;0;0;0;0;0;0;0;0;0;0;0;0;0;0;0;0;0;0;0;0;0;lsbotero@aristosweb.com;CARRERA 43 No. 1-50 Ofic. 456;2020-11-29;Ninguna.;LUZ ESTELA BOTERO ;lsbotero@aristosweb.com;;;LUZ ESTELA BOTERO ;lsbotero@aristosweb.com;;
14160;14160001;2023;02;Agencia;Aristos Consultores De Gerencia;Bogotá, D.c.;Bogotá, D.c.;ARISTOS CONSULTORES DE GERENCIA CARRERA 9 Bogotá;1093;873;220;0;0;0;0;0;0;0;0;0;0;0;0;0;0;0;78;43;35;0;0;0;0;0;0;0;0;0;0;0;0;0;0;0;19;13;6;0;0;0;0;0;0;0;0;0;0;0;0;0;0;0;19;0;0;0;0;0;0;0;0;0;0;0;0;0;0;0;0;0;0;0;0;0;0;0;0;0;0;0;0;0;0;0;0;0;0;0;0;0;0;0;0;0;0;0;0;0;0;0;0;0;0;0;0;0;0;0;0;0;0;0;0;0;0;0;0;0;0;0;0;0;0;0;0;0;0;0;lsbotero@aristosweb.com;CARRERA 9 A No. 99-02 Ofic. 405;2020-11-29;Ninguna;LUZ ESTELA BOTERO ;lsbotero@aristosweb.com;;;LUZ ESTELA BOTERO ;lsbotero@aristosweb.com;;
22155;22155004;2023;02;Bolsa;Fundación Universitaria Del área Andina;Colombia;Nacional;FUNDACIÓN UNIVERSITARIA DEL ÁREA ANDINA VIRTUAL;0;0;0;0;0;0;0;0;0;0;0;0;0;0;0;0;0;0;0;0;0;0;0;0;0;0;0;0;0;0;0;0;0;0;0;0;0;0;0;0;0;0;0;0;0;0;0;0;0;0;0;0;0;0;0;0;0;0;0;0;0;0;0;0;0;0;0;0;0;0;0;0;0;0;0;0;0;0;0;0;0;0;0;0;0;0;0;0;0;0;0;0;0;0;0;0;0;0;0;0;0;0;0;0;0;0;0;0;0;0;0;0;0;0;0;0;0;0;0;0;0;0;0;0;0;0;0;0;0;0;gcastro12@areandina.edu.co;http://bolsadeempleo.areandina.edu.co/fundacion-universitaria-area-andina;2020-11-29;No aplica.;Paola  Castro Garcia;gcastro12@areandina.edu.co;;;Paola  Castro Garcia;gcastro12@areandina.edu.co;;
22218;22218001;2023;02;Bolsa;Universidad Del Cauca;Colombia;Nacional;UNIVERSIDAD DEL CAUCA;254;134;120;0;0;0;0;0;0;0;0;0;0;0;0;0;0;0;139;79;60;0;0;0;0;0;0;0;0;0;0;0;0;0;0;0;14;7;7;0;0;0;0;0;0;14;7;7;0;0;0;0;0;0;2;11;4;7;0;0;0;0;0;0;0;0;0;0;0;0;0;0;0;0;0;0;0;0;0;0;0;0;0;0;0;0;0;0;0;0;0;0;0;0;0;0;0;0;0;0;0;0;0;0;0;0;0;0;0;0;0;0;0;0;0;0;0;0;0;0;84;0;0;0;0;0;0;0;0;0;jvarona@unicauca.edu.co;http://oportunidadeslaborales.portal.unicauca.edu.co;2020-11-29;Ninguna;Juan Carlos Varona Albï¿½n;jvarona@unicauca.edu.co;;;ANGELA MILENA VELASCO LÓPEZ;egresados@unicauca.edu.co;;
14303;14026001;2023;02;Agencia;Psyconometrics Sas;Colombia;Nacional;MAGNETO EMPLEO;64184;26914;37270;34447;19763;14684;0;0;0;0;0;0;0;0;0;0;0;0;123140;53907;69233;0;0;0;0;0;0;53871;31307;22564;0;0;0;0;0;0;803;364;439;0;0;0;0;0;0;373;221;152;0;0;0;0;0;0;0;0;0;0;0;0;0;0;0;0;0;0;0;0;0;0;0;0;0;0;0;0;0;0;0;0;0;0;0;0;0;0;0;0;0;0;0;0;0;0;0;0;0;0;0;0;0;0;0;0;0;0;0;0;0;0;0;0;0;0;0;0;0;0;0;0;2341;0;0;0;0;0;0;0;0;0;julia.gonzalez@magneto365.com;www.magnetoempleos.co;2020-11-29;Sin observaciones;;;;;Jessica Alejandra Morales Valencia;jmorales@talenta365.com;;3234639797
22133;22133014;2023;02;Bolsa;Corporación Universitaria Minuto De Dios-uniminuto;Risaralda;Pereira;CORPORACIÓN UNIVERSITARIA MINUTO DE DIOS-UNIMINUTO;32;13;19;0;0;0;0;0;0;0;0;0;0;0;0;0;0;0;9;4;5;0;0;0;0;0;0;0;0;0;0;0;0;0;0;0;0;0;0;0;0;0;0;0;0;0;0;0;0;0;0;0;0;0;5;36;7;29;0;0;0;0;0;0;0;0;0;0;0;0;0;0;0;53;5;48;0;0;0;0;0;0;0;0;0;0;0;0;0;0;0;53;5;5;0;0;0;0;48;48;0;0;0;0;53;5;5;0;0;0;0;48;48;0;0;0;0;1;0;1;0;0;0;0;0;0;0;0;0;0;gina.santana@uniminuto.edu;CARRERA 9 N 20-54;2020-11-29;.;Lina Andrea Lozano ;lina.lozano@uniminuto.edu;;;Karen Daniela Mancipe Chirivi;karen.mancipe@uniminuto.edu.co;3123704726;3123704726
14307;14307001;2023;02;Agencia privada;JDV PARTNERS  S.A.S;Colombia;Nacional;JDV PARTNERS;40;20;20;0;0;0;0;0;0;0;0;0;0;0;0;0;0;0;0;0;0;0;0;0;0;0;0;0;0;0;0;0;0;0;0;0;0;0;0;0;0;0;0;0;0;0;0;0;0;0;0;0;0;0;0;0;0;0;0;0;0;0;0;0;0;0;0;0;0;0;0;0;0;0;0;0;0;0;0;0;0;0;0;0;0;0;0;0;0;0;0;0;0;0;0;0;0;0;0;0;0;0;0;0;0;0;0;0;0;0;0;0;0;0;0;0;0;0;0;0;0;0;0;0;0;0;0;0;0;0;admin@jdvpartners.com;www.jdvpartners.com;;N.A.;;;;;Luis Miguel Izquierdo Arrieta;admin@jdvpartners.com;321-509-0685;321-509-0685
14307;14307002;2023;02;Agencia privada;JDV PARTNERS  S.A.S;Bogotá, D.c.;Bogotá, D.c.;JDV PARTNERS;0;0;0;0;0;0;0;0;0;0;0;0;0;0;0;0;0;0;0;0;0;0;0;0;0;0;0;0;0;0;0;0;0;0;0;0;0;0;0;0;0;0;0;0;0;0;0;0;0;0;0;0;0;0;0;0;0;0;0;0;0;0;0;0;0;0;0;0;0;0;0;0;0;0;0;0;0;0;0;0;0;0;0;0;0;0;0;0;0;0;0;0;0;0;0;0;0;0;0;0;0;0;0;0;0;0;0;0;0;0;0;0;0;0;0;0;0;0;0;0;0;0;0;0;0;0;0;0;0;0;admin@jdvpartners.com;Carrera 15 # 93A – 84. Oficina: 204;;N.A.;;;;;Luis Miguel Izquierdo Arrieta;admin@jdvpartners.com;321-509-0685;321-509-0685
22110;22110002;2023;02;Bolsa;Universidad Autónoma De Occidente;Colombia;Nacional;U. AUTONOMA DE OCCIDENTE ;40;17;23;0;0;0;0;0;0;0;0;0;0;0;0;0;0;0;176;97;79;0;0;0;0;0;0;0;0;0;0;0;0;0;0;0;0;0;0;0;0;0;0;0;0;0;0;0;0;0;0;0;0;0;21;7;2;5;0;0;0;0;0;0;0;0;0;0;0;0;0;0;0;0;0;0;0;0;0;0;0;0;0;0;0;0;0;0;0;0;0;0;0;0;0;0;0;0;0;0;0;0;0;0;0;0;0;0;0;0;0;0;0;0;0;0;0;1;1;0;1;0;0;0;0;0;0;0;0;0;cxgarcia@uao.edu.co;http://empleabilidad.uao.edu.co;2020-11-29;Gracias;Claudia Ximena Garcia ;cxgarcia@uao.edu.co;;;Claudia Ximena Garcia ;cxgarcia@uao.edu.co;;
22077;22077002;2023;02;Bolsa;Universidad Eia;Colombia;Nacional;Universidad EIA Virtual Restringido;5;4;1;0;0;0;0;0;0;0;0;0;0;0;0;0;0;0;7;5;2;0;0;0;0;0;0;0;0;0;0;0;0;0;0;0;5;4;1;0;0;0;0;0;0;0;0;0;0;0;0;0;0;0;9;6;0;6;0;0;0;0;0;0;0;0;0;0;0;0;0;0;0;0;0;0;0;0;0;0;0;0;0;0;0;0;0;0;0;0;0;0;0;0;0;0;0;0;0;0;0;0;0;0;0;0;0;0;0;0;0;0;0;0;0;0;0;0;0;0;0;0;0;0;0;0;0;0;0;0;catalina.yepes@eia.edu.co;https://interlab.eia.edu.co;2020-11-29;El estado de los colocados hace referencia que los postulantes estan en proceso de selección ya que no hay ningun colocado hasta la fecha.;Catalina Yepes Lopera;catalina.yepes@eia.edu.co;;;Catalina Yepes Lopera;catalina.yepes@eia.edu.co;;
14182;14182003;2023;02;Agencia;SERES CONSULTING;Colombia;Nacional;SERES CONSULTING;180470;80653;99817;73865;42163;31702;0;0;0;0;0;0;0;0;0;0;0;0;31;13;18;0;0;0;0;0;0;3;2;1;0;0;0;0;0;0;5;0;5;0;0;0;0;0;0;0;0;0;0;0;0;0;0;0;1;30;12;18;0;0;0;0;0;0;2;1;1;0;0;0;0;0;0;0;0;0;0;0;0;0;0;0;0;0;0;0;0;0;0;0;0;0;0;0;0;0;0;0;0;0;0;0;0;0;0;0;0;0;0;0;0;0;0;0;0;0;0;0;0;0;0;0;0;0;0;0;0;0;0;0;gbustillo@seresconsulting.com;www.seresconsulting.com;2021-04-16;N/A;;;;;Bibiana Vargas Yemail;bvargas@seresconsulting.com;321 541 9178;321 541 9178
14182;14182001;2023;02;Agencia;SERES CONSULTING;Bolívar;Cartagena;SERES CONSULTING SAS;0;0;0;0;0;0;0;0;0;0;0;0;0;0;0;0;0;0;0;0;0;0;0;0;0;0;0;0;0;0;0;0;0;0;0;0;0;0;0;0;0;0;0;0;0;0;0;0;0;0;0;0;0;0;0;0;0;0;0;0;0;0;0;0;0;0;0;0;0;0;0;0;0;0;0;0;0;0;0;0;0;0;0;0;0;0;0;0;0;0;0;0;0;0;0;0;0;0;0;0;0;0;0;0;0;0;0;0;0;0;0;0;0;0;0;0;0;0;0;0;0;0;0;0;0;0;0;0;0;0;;Cra 2 No.9-145 -Bocagrande-Edificio Nautilus Trade Center -Oficina 401;44492;N/A;;;;;Bibiana Vargas Yemail;bvargas@seresconsulting.com;321 541 9178;321 541 9178
14297;14297001;2023;02;Agencia;GESTIÓN ESTRATÉGICA DEL TALENTO HUMANO SAS;Colombia;Nacional;GESTIÓN ESTRATÉGICA DEL TALENTO HUMANO SAS;4146;2060;2086;0;0;0;0;0;0;0;0;0;0;0;0;0;0;0;2421;1386;1035;0;0;0;0;0;0;0;0;0;0;0;0;0;0;0;260;124;136;0;0;0;0;0;0;0;0;0;0;0;0;0;0;0;17;190;80;110;0;0;0;0;0;0;0;0;0;0;0;0;0;0;0;280;130;150;0;0;0;0;0;0;0;0;0;0;0;0;0;0;0;0;0;0;0;0;0;0;0;0;0;0;0;0;0;0;0;0;0;0;0;0;0;0;0;0;0;0;0;0;7;0;0;0;0;0;0;0;0;0; contacto@okempleos.com;WWW.OKEMPLEOS.COM;2021-04-13;Se reliaza envió de informe del mes correspondiente, cualquier novedad estamos atentos;Clara Inés Rodríguez Calderón;clara.rodriguez@gesth.net;3186064112;3186064112;Clara Inés Rodríguez Calderón;clara.rodriguez@gesth.net;3186064112;3186064112
14292;14292001;2023;02;Agencia;Talento Verde S.a.s;Colombia;Nacional;Punto virtual talento verde;221;80;141;130;85;45;1;0;1;4;4;0;3;3;0;0;0;0;333;91;242;0;0;0;0;0;0;0;0;0;0;0;0;0;0;0;2;1;1;0;0;0;0;0;0;0;0;0;0;0;0;0;0;0;2;7;3;4;0;0;0;0;0;0;2;2;0;0;0;0;0;0;0;0;0;0;0;0;0;0;0;0;0;0;0;0;0;0;0;0;0;7;4;4;0;0;0;0;3;3;0;0;0;0;0;0;0;0;0;0;0;0;0;0;0;0;0;0;0;0;2;0;0;0;0;0;0;0;0;0;directora@talentoverde.com;http://talentoverde.com;2020-11-29;Este periodo muestra un aumento considerable en las ofertas reportadas por las empresas, lo que reactivó nuevamente los registros y aplicaciones de las personas;Jimena  Gutiï¿½rrez Rï¿½a;directora@talentoverde.com;;;LUISA FERNANDA GONAZALEZ RUA;comunicaciones@talentoverde.com;;320 644 89 43
15245;15245003;2023;02;Agencia;Editorial Kuepa;Bogotá, D.c.;Bogotá, D.c.;EDITORIAL KUEPA;61;13;48;61;48;13;0;0;0;0;0;0;1;1;0;0;0;0;61;13;48;0;0;0;0;0;0;61;48;13;1;1;0;0;0;0;85;12;73;0;0;0;0;0;0;85;73;12;0;0;0;0;0;0;7;61;13;48;0;0;0;0;0;0;61;48;13;1;1;0;0;0;0;0;0;0;0;0;0;0;0;0;0;0;0;0;0;0;0;0;0;122;26;13;0;0;0;13;96;48;0;0;0;48;46;11;11;0;0;0;0;35;35;0;0;0;0;0;0;0;5;0;0;0;0;0;0;0;0;0;;CALLE 72 # 13-34;44492;En el campo de número de personas direccionadas a programas de formación y capacitación para el trabajo, aquellas que fueron para capacidades transversales, son las mismas a las que se les dirigió a programas técnico laborales. Por otro lado, se especifica que el número total de mujeres inscritas fueron 48, todas ellas jóvenes, de esas 48 mujeres jóvenes 1 mujer joven es de nacionalidad venezolana.;;;;;Paula Alejandra Chaves Martínez;paula.chaves@kuepa.com;3006525495;3006525495
22102;22102003;2023;02;Bolsa;Politecnico Gran Colombiano;Colombia;Nacional;POLITECNICO GRAN COLOMBIANO VIRTUAL;128;55;73;0;0;0;0;0;0;0;0;0;0;0;0;0;0;0;353;182;171;0;0;0;0;0;0;0;0;0;0;0;0;0;0;0;25;9;16;0;0;0;0;0;0;0;0;0;0;0;0;0;0;0;671;13;4;9;0;0;0;0;0;0;0;0;0;0;0;0;0;0;0;0;0;0;0;0;0;0;0;0;0;0;0;0;0;0;0;0;0;0;0;0;0;0;0;0;0;0;0;0;0;0;0;0;0;0;0;0;0;0;0;0;0;0;0;0;0;0;10;0;0;0;0;0;0;0;0;0;lmcuellart@poligran.edu.co;http://ofertaslaborales.poligran.edu.co/sitios-empresariales/colombia/politecnico-grancolombiano/;2020-11-29;ninguna;Luz Marina Cuellar ;lmcuellart@poligran.edu.co;;;YULU PAOLA PEREZ CASTRO;empleabilidad@poligran.edu.co;;3015869922
14172;14172002;2023;02;Agencia;Vincu Sas;Colombia;Nacional;PUNTO VIRTUAL-VINCU;807;323;484;0;0;0;0;0;0;0;0;0;0;0;0;0;0;0;2031;812;1219;0;0;0;0;0;0;0;0;0;0;0;0;0;0;0;0;0;0;0;0;0;0;0;0;0;0;0;0;0;0;0;0;0;75;0;0;0;0;0;0;0;0;0;0;0;0;0;0;0;0;0;0;0;0;0;0;0;0;0;0;0;0;0;0;0;0;0;0;0;0;0;0;0;0;0;0;0;0;0;0;0;0;0;0;0;0;0;0;0;0;0;0;0;0;0;0;0;0;0;30;0;0;0;0;0;0;0;0;0;andres.cruz@vincuventas.com;https://www.vincuventas.com;2020-11-29;Ninguna;Andres  Cruz Quijano;andres.cruz@vincuventas.com;;;Moises Guzman Camargo;moises.guzman@vincuventas.com;;3104671085
22166;22166001;2023;02;Bolsa;Universidad Ean;Colombia;Nacional;UNIVERSIDAD EAN VIRTUAL;171;86;85;0;0;0;0;0;0;0;0;0;0;0;0;0;0;0;64;29;35;0;0;0;0;0;0;0;0;0;0;0;0;0;0;0;10;4;6;0;0;0;0;0;0;0;0;0;0;0;0;0;0;0;20;8;5;3;0;0;0;0;0;0;0;0;0;0;0;0;0;0;0;141;61;80;0;0;0;0;0;0;0;0;0;0;0;0;0;0;0;141;61;61;0;0;0;0;80;80;0;0;0;0;141;61;61;0;0;0;0;80;80;0;0;0;0;0;0;0;0;0;0;0;0;0;0;0;0;0;mfernandezg@universidadean.edu.co;http://oportunidadeslaborales.universidadean.edu.co/universidad-ean;2020-11-29;N/A;Carolina Jurado Ramírez;empleabilidad@universidadean.edu;3195154955;3195154955;Martha Lucía Prieto;empleabilidad@universidadean.edu.co;3013332987;3013332987
22227;22227001;2023;02;Bolsa;Universidad Surcolombiana;Colombia;Nacional;IVERSIDAD SURCOLOMBIANA  VIRTUAL;50;18;32;47;29;18;0;0;0;0;0;0;0;0;0;0;0;0;0;0;0;0;0;0;0;0;0;0;0;0;0;0;0;0;0;0;0;0;0;0;0;0;0;0;0;0;0;0;0;0;0;0;0;0;1;0;0;0;0;0;0;0;0;0;0;0;0;0;0;0;0;0;0;0;0;0;0;0;0;0;0;0;0;0;0;0;0;0;0;0;0;0;0;0;0;0;0;0;0;0;0;0;0;0;0;0;0;0;0;0;0;0;0;0;0;0;0;0;0;0;4;0;0;0;0;0;0;0;0;0;cristian.murcia@usco.edu.co;http://laborando.usco.edu.co;2020-11-29;ninguna;Cristian Alberto Murcia Llanos;cristian.murcia@usco.edu.co;3138588578;3138588578;Cristian Alberto Murcia Llanos;cristian.murcia@usco.edu.co;3138588578;3138588578
22227;22227002;2023;02;Bolsa;Universidad Surcolombiana;Huila;Neiva;UNIVERSIDAD SURCOLOMBIANA;0;0;0;0;0;0;0;0;0;0;0;0;0;0;0;0;0;0;0;0;0;0;0;0;0;0;0;0;0;0;0;0;0;0;0;0;0;0;0;0;0;0;0;0;0;0;0;0;0;0;0;0;0;0;0;5;1;4;0;0;0;0;0;0;4;3;1;0;0;0;0;0;0;0;0;0;0;0;0;0;0;0;0;0;0;0;0;0;0;0;0;0;0;0;0;0;0;0;0;0;0;0;0;0;0;0;0;0;0;0;0;0;0;0;0;0;0;0;0;0;0;0;0;0;0;0;0;0;0;0;wilder.sanjuan@usco.edu.co;Avenida Pastrana Borrero – Carrera 1ª, bloque de la Vicerrectoría Académica;;ninguna;Cristian Alberto Murcia Llanos;cristian.murcia@usco.edu.co;3138588578;3138588578;Cristian Alberto Murcia Llanos;cristian.murcia@usco.edu.co;3138588578;3138588578
22120;22120001;2023;02;Bolsa;Universidad Del Norte;Atlántico;Barranquilla;UNIVERSIDAD DEL NORTE CAMPUS UNIVERSITARIO;0;0;0;0;0;0;0;0;0;0;0;0;0;0;0;0;0;0;0;0;0;0;0;0;0;0;0;0;0;0;0;0;0;0;0;0;0;0;0;0;0;0;0;0;0;0;0;0;0;0;0;0;0;0;6;3;1;2;0;0;0;0;0;0;0;0;0;0;0;0;0;0;0;104;57;47;0;0;0;0;0;0;0;0;0;0;0;0;0;0;0;0;0;0;0;0;0;0;0;0;0;0;0;0;0;0;0;0;0;0;0;0;0;0;0;0;0;8;1;7;1;0;0;0;0;0;0;0;0;0;"kchamie@uninorte.edu.co; empleoegresado@uninorte.edu.co; gcindy@uninorte.edu.co";Bloque Administrativo No.2 -Campus Universitario Km 5 Vía Puerto Colombia Área Metropolitana de Barranquilla - Atlántico;2020-11-29;Si observaciones;KAREN LUCIA CHAMIE ZALAMEA;kchamie@uninorte.edu.co;;;KAREN LUCIA CHAMIE ZALAMEA;kchamie@uninorte.edu.co;;
22120;22120002;2023;02;Bolsa;Universidad Del Norte;Colombia;Nacional;UNIVERSIDAD DEL NORTE VIRTUAL;108;42;66;0;0;0;0;0;0;0;0;0;0;0;0;0;0;0;3412;1842;1570;0;0;0;0;0;0;0;0;0;0;0;0;0;0;0;19;11;8;0;0;0;0;0;0;0;0;0;0;0;0;0;0;0;9;0;0;0;0;0;0;0;0;0;0;0;0;0;0;0;0;0;0;0;0;0;0;0;0;0;0;0;0;0;0;0;0;0;0;0;0;0;0;0;0;0;0;0;0;0;0;0;0;0;0;0;0;0;0;0;0;0;0;0;0;0;0;0;0;0;0;0;0;0;0;0;0;0;0;0;"kchamie@uninorte.edu.co; empleoegresado@uninorte.edu.co; gcindy@uninorte.edu.co";https://uninorte-csm.symplicity.com/;2020-11-29;Sin observaciones;KAREN LUCIA CHAMIE ZALAMEA;kchamie@uninorte.edu.co;;;KAREN LUCIA CHAMIE ZALAMEA;kchamie@uninorte.edu.co;;
22239;22239001;2023;02;Bolsa;Universidad Del Quindío;Colombia;Nacional;BOLSA DE EMPLEO UNI QUINDIO-VIRTUAL;92;46;46;0;0;0;0;0;0;0;0;0;0;0;0;0;0;0;53;26;27;0;0;0;0;0;0;0;0;0;0;0;0;0;0;0;5;0;5;0;0;0;0;0;0;0;0;0;0;0;0;0;0;0;13;0;0;0;0;0;0;0;0;0;0;0;0;0;0;0;0;0;0;128;68;60;0;0;0;0;0;0;0;0;0;0;0;0;0;0;0;0;0;0;0;0;0;0;0;0;0;0;0;0;0;0;0;0;0;0;0;0;0;0;0;0;0;0;0;0;15;0;0;0;0;0;0;0;0;0;egresado@uniquindio.edu.co;http://www.uniquindio.edu.co;2020-11-29;La bolsa de empleo de la Universidad del Quindío día tras día se consolidad y posiciona entre la comunidad Uniquindiana y sector empresarial de la región.;Carlos Andres Castaño Ortiz;egresado@uniquindio.edu.co;;3173829399;Carlos Andres Castaño Ortiz;egresado@uniquindio.edu.co;;3173829399
22230;22230001;2023;02;Bolsa;Universidad Mariana;Colombia;Nacional;Universidad Mariana-Virtual;0;0;0;0;0;0;0;0;0;0;0;0;0;0;0;0;0;0;0;0;0;0;0;0;0;0;0;0;0;0;0;0;0;0;0;0;0;0;0;0;0;0;0;0;0;0;0;0;0;0;0;0;0;0;0;0;0;0;0;0;0;0;0;0;0;0;0;0;0;0;0;0;0;0;0;0;0;0;0;0;0;0;0;0;0;0;0;0;0;0;0;0;0;0;0;0;0;0;0;0;0;0;0;0;0;0;0;0;0;0;0;0;0;0;0;0;0;0;0;0;0;0;0;0;0;0;0;0;0;0;egresados@umariana.edu.co;http://trabajo.umariana.edu.co/;2020-11-29;"La Oficina de Egresados de la Universidad Mariana, les informamos que nos encontramos en tramite de cambio de proveedor, motivo por el cual nuestros reportes aparecen cargados en cero(0).

Muchas gracias por su atención y compleción.";Amal Othman Nasif;egresados@umariana.edu.co;;;Amal Othman Nasif;egresados@umariana.edu.co;;
22223;22223006;2023;02;Bolsa;Universidad Cooperativa De Colombia;Huila;Neiva;NEIVA;8;3;5;0;0;0;0;0;0;0;0;0;0;0;0;0;0;0;21;11;10;0;0;0;0;0;0;0;0;0;0;0;0;0;0;0;0;0;0;0;0;0;0;0;0;0;0;0;0;0;0;0;0;0;0;0;0;0;0;0;0;0;0;0;0;0;0;0;0;0;0;0;0;254;171;83;0;0;0;0;0;0;0;0;0;0;0;0;0;0;0;0;0;0;0;0;0;0;0;0;0;0;0;0;0;0;0;0;0;0;0;0;0;0;0;0;0;0;0;0;0;1;0;0;0;0;0;0;0;0;reina.duque@ucc.edu.co;Calle 11 # 1  - 51;2020-11-29;Se realizaron capacitaciones en los siguientes temas: Trámites para la obtención de la tarjeta profesional de psicólogos, ética en el ejercicio de la profesión y trámites para la obtención de la tarjeta profesional COPNIA, Capacitación registro de hojas de vida y servicios de la bolsa de empleo.;Erika Laguna Rojas;bolsaempleo.nev@campusucc.edu.co;;;Erika Laguna Rojas;bolsaempleo.nev@campusucc.edu.co;;
22117;22117001;2023;02;Bolsa;Universidad De La Sabana;Colombia;Nacional;UNIVERSIDAD DE LA SABANA KM 7 AUTOPISTA NORTE;133;52;81;91;53;38;0;0;0;0;0;0;0;0;0;0;0;0;487;241;246;0;0;0;0;0;0;408;202;206;0;0;0;0;0;0;1;0;1;0;0;0;0;0;0;1;1;0;0;0;0;0;0;0;35;2;2;0;0;0;0;0;0;0;2;0;2;0;0;0;0;0;0;0;0;0;0;0;0;0;0;0;0;0;0;0;0;0;0;0;0;0;0;0;0;0;0;0;0;0;0;0;0;0;0;0;0;0;0;0;0;0;0;0;0;0;0;0;0;0;45;1;8;3;5;0;0;0;7;2;ella.caceres@unisabana.edu.co;http://portalempleo.alumni.unisabana.edu.co;2020-11-29;SE ENVIA REPORTE CON SEGUIMIENTO A LA FECHA;Ella Katherine Cï¿½ceres Cardozo;ella.caceres@unisabana.edu.co;;;GUSTAVO ADOLFO JOYA MUï¿½OZ;desarrolloprofesional@unisabana.edu.co;;3138168662
22223;22223015;2023;02;Bolsa;Universidad Cooperativa De Colombia;Valle Del Cauca;Cali;CALI;5;3;2;0;0;0;0;0;0;0;0;0;0;0;0;0;0;0;6;3;3;0;0;0;0;0;0;0;0;0;0;0;0;0;0;0;0;0;0;0;0;0;0;0;0;0;0;0;0;0;0;0;0;0;2;0;0;0;0;0;0;0;0;0;0;0;0;0;0;0;0;0;0;0;0;0;0;0;0;0;0;0;0;0;0;0;0;0;0;0;0;0;0;0;0;0;0;0;0;0;0;0;0;0;0;0;0;0;0;0;0;0;0;0;0;0;0;0;0;0;0;1;0;0;0;0;0;0;0;0;reina.duque@ucc.edu.co;CARRERA73 # 2 A -80 BLOQUE 2;2020-11-29;Sin observaciones;Ingrid Suley Henao Guevara;bolsaempleo.cal@campusucc.edu.co;;;Ingrid Suley Henao Guevara;bolsaempleo.cal@campusucc.edu.co;;
15296;15296001;2023;02;Agencia;Fundación Internacional Para El Desarrollo Y El Emprendimiento Funindem;Colombia;Nacional;FUNDACIÓN INTERNACIONAL PARA EL DESARROLLO  HUMANO Y EL EMPRENDIMIENTO FUNINDEM;101;40;61;0;0;0;0;0;0;0;0;0;0;0;0;0;0;0;47;16;31;0;0;0;0;0;0;14;6;8;0;0;0;0;0;0;5;3;2;0;0;0;0;0;0;1;0;1;0;0;0;0;0;0;3;35;14;21;0;0;0;0;0;0;0;0;0;0;0;0;0;0;0;0;0;0;0;0;0;0;0;0;0;0;0;0;0;0;0;0;0;0;0;0;0;0;0;0;0;0;0;0;0;0;0;0;0;0;0;0;0;0;0;0;0;0;0;0;0;0;1;0;0;0;0;0;0;0;0;0;coordinacion@puertalaboral.com;www.puertalaboral.com;2020-11-29;En el mes de Febrero se registraron 13 vacantes en el portal de las cuales hubo 5 contrataciones efectivas y 2 vacantes que no se ocuparon por decisión del potencial empleador.;Diana Carolina Ramï¿½rez Vargas;coordinacion@puertalaboral.com;;;Diana Carolina Ramï¿½rez Vargas;coordinacion@puertalaboral.com;;
22133;22133020;2023;02;Bolsa;Corporación Universitaria Minuto De Dios-uniminuto;Cundinamarca;Madrid;CORPORACIÓN UNIVERSITARIA MINUTO DE DIOS-UNIMINUTO;20;11;9;0;0;0;0;0;0;0;0;0;0;0;0;0;0;0;48;13;35;0;0;0;0;0;0;0;0;0;0;0;0;0;0;0;2;0;2;0;0;0;0;0;0;0;0;0;0;0;0;0;0;0;2;5;3;2;0;0;0;0;0;0;0;0;0;0;0;0;0;0;0;49;7;42;0;0;0;0;0;0;0;0;0;0;0;0;0;0;0;0;0;0;0;0;0;0;0;0;0;0;0;0;0;0;0;0;0;0;0;0;0;0;0;0;0;0;0;0;0;0;0;0;0;0;0;0;0;0;gina.santana@uniminuto.edu;Centro Regional Madrid UNIMINUTO CALLE 7 No 3-58/60, BARRIO VERGEL;2020-11-29;Ninguna;Lina Andrea Lozano ;lina.lozano@uniminuto.edu;;;SAMANTHA AGUILAR PAIPILLA;nellers.aguilar@uniminuto.edu;;3003271371
22131;22131001;2023;02;Bolsa;Fundación Universidad De América;Colombia;Nacional;FUNDACIÓN UNIVERSIDAD DE AMÉRICA www;21;13;8;0;0;0;0;0;0;0;0;0;0;0;0;0;0;0;31;21;10;0;0;0;0;0;0;0;0;0;0;0;0;0;0;0;0;0;0;0;0;0;0;0;0;0;0;0;0;0;0;0;0;0;16;1;1;0;0;0;0;0;0;0;0;0;0;0;0;0;0;0;0;0;0;0;0;0;0;0;0;0;0;0;0;0;0;0;0;0;0;0;0;0;0;0;0;0;0;0;0;0;0;0;0;0;0;0;0;0;0;0;0;0;0;0;0;0;0;0;1;0;0;0;0;0;0;0;0;0;ofiegresados@uamerica.edu.co;https://www.uamerica.edu.co/egresados/oportunidades-laborales/;2020-11-29;.;Ashlly Ximena Ávila Quintero;ofiegresados@uamerica.edu.co;3106758942;3106758942;Ashlly Ximena Ávila Quintero;ofiegresados@uamerica.edu.co;3106758942;3106758942
14099;14099031;2023;02;Agencia;Manpower Professional Ltda;Antioquia;Apartadó;MANPOWER PROFESSIONAL LTDA;0;0;0;0;0;0;0;0;0;0;0;0;0;0;0;0;0;0;0;0;0;0;0;0;0;0;0;0;0;0;0;0;0;0;0;0;0;0;0;0;0;0;0;0;0;0;0;0;0;0;0;0;0;0;0;0;0;0;0;0;0;0;0;0;0;0;0;0;0;0;0;0;0;0;0;0;0;0;0;0;0;0;0;0;0;0;0;0;0;0;0;0;0;0;0;0;0;0;0;0;0;0;0;0;0;0;0;0;0;0;0;0;0;0;0;0;0;0;0;0;0;0;0;0;0;0;0;0;0;0;Juan.garces@manpowergroup.com.co;Estrategia Móvil;2021-02-15 ;N/A;Inés Tatiana López Patiño;tatiana.lopez@manpower.com.co;;;Cristian Peñaranda;cristian.penaranda@manpowergroup.com.co;;3057712051
14099;14099036;2023;02;Agencia;Manpower Professional Ltda;Antioquia;Rionegro;MANPOWER PROFESSIONAL LTDA;0;0;0;0;0;0;0;0;0;0;0;0;0;0;0;0;0;0;0;0;0;0;0;0;0;0;0;0;0;0;0;0;0;0;0;0;0;0;0;0;0;0;0;0;0;0;0;0;0;0;0;0;0;0;0;0;0;0;0;0;0;0;0;0;0;0;0;0;0;0;0;0;0;0;0;0;0;0;0;0;0;0;0;0;0;0;0;0;0;0;0;0;0;0;0;0;0;0;0;0;0;0;0;0;0;0;0;0;0;0;0;0;0;0;0;0;0;0;0;0;0;0;0;0;0;0;0;0;0;0;Juan.garces@manpowergroup.com.co;Transversal 49 # 39;2023-02-21;N/A;Ana María Gallego Rendón;ana.gallego@manpower.com.co;;;Cristian Peñaranda;cristian.penaranda@manpowergroup.com.co;;3057712051
14099;14099020;2023;02;Agencia;Manpower Professional Ltda;Risaralda;Pereira;MANPOWER PROFESSIONAL LTDA AVENIDA CIRCUVALAR  No 9;2;1;1;2;1;1;0;0;0;0;0;0;0;0;0;0;0;0;4;2;2;0;0;0;0;0;0;2;1;1;0;0;0;0;0;0;2;1;1;0;0;0;0;0;0;2;1;1;0;0;0;0;0;0;0;0;0;0;0;0;0;0;0;0;0;0;0;0;0;0;0;0;0;0;0;0;0;0;0;0;0;0;0;0;0;0;0;0;0;0;0;0;0;0;0;0;0;0;0;0;0;0;0;0;0;0;0;0;0;0;0;0;0;0;0;0;0;0;0;0;0;0;0;0;0;0;0;0;0;0;Juan.garces@manpowergroup.com.co;Calle 19 # 8-34 Piso 13 Oficina 11 Edificio Corporaci;2020-11-29;N/A;CLAUDIA LUCï¿½A OROZCO CASTILLO;claudia.orozco@manpower.com.co;;;Cristian Peñaranda;cristian.penaranda@manpowergroup.com.co;;3057712051
14099;14099015;2023;02;Agencia;Manpower Professional Ltda;Huila;Neiva;MANPOWER PROFESSIONAL LTDA BARRIO QUIRINAL;1;0;1;1;1;0;0;0;0;0;0;0;0;0;0;0;0;0;2;0;2;0;0;0;0;0;0;1;1;0;0;0;0;0;0;0;1;0;1;0;0;0;0;0;0;1;1;0;0;0;0;0;0;0;0;0;0;0;0;0;0;0;0;0;0;0;0;0;0;0;0;0;0;0;0;0;0;0;0;0;0;0;0;0;0;0;0;0;0;0;0;0;0;0;0;0;0;0;0;0;0;0;0;0;0;0;0;0;0;0;0;0;0;0;0;0;0;0;0;0;0;0;0;0;0;0;0;0;0;0;Juan.garces@manpowergroup.com.co;CARRERA 5 No Calle 46 N 16 -24 OF. 601 Centro Empresarial San Juan Plaza;2020-11-29;N/A;ALBA LUZ TRUJILLO RIVAS;alba.trujillo@manpower.com.co;;;Cristian Peñaranda;cristian.penaranda@manpowergroup.com.co;;3057712051
14099;14099026;2023;02;Agencia;Manpower Professional Ltda;Bogotá, D.c.;Bogotá, D.c.;MANPOWER PROFESSIONAL LTDA CALLE 100 LOCAL 5;101;61;40;51;20;31;2;1;1;0;0;0;1;0;1;0;0;0;274;165;109;2;1;1;4;2;2;140;56;84;3;1;2;0;0;0;98;59;39;0;0;0;2;1;1;50;20;30;1;0;1;0;0;0;1;0;0;0;0;0;0;0;0;0;0;0;0;0;0;0;0;0;0;0;0;0;0;0;0;0;0;0;0;0;0;0;0;0;0;0;0;0;0;0;0;0;0;0;0;0;0;0;0;0;0;0;0;0;0;0;0;0;0;0;0;0;0;0;0;0;0;0;0;0;0;0;0;0;0;0;Juan.garces@manpowergroup.com.co;CALLE 98 No 22-64 EDIFICIO CALLE 100 LOCAL 5;2020-11-29;N/A;ANA MARï¿½A MUï¿½OZ;ana.munoz@manpower.com.co;;;Cristian Peñaranda;cristian.penaranda@manpowergroup.com.co;;3057712051
14099;14099008;2023;02;Agencia;Manpower Professional Ltda;Bogotá, D.c.;Bogotá, D.c.;MANPOWER PROFESSIONAL LTDA ELEMENTO;3;1;2;2;1;1;0;0;0;0;0;0;0;0;0;0;0;0;7;2;5;0;0;0;0;0;0;4;3;1;0;0;0;0;0;0;3;1;2;0;0;0;0;0;0;2;1;1;0;0;0;0;0;0;1;0;0;0;0;0;0;0;0;0;0;0;0;0;0;0;0;0;0;0;0;0;0;0;0;0;0;0;0;0;0;0;0;0;0;0;0;0;0;0;0;0;0;0;0;0;0;0;0;0;0;0;0;0;0;0;0;0;0;0;0;0;0;0;0;0;0;0;0;0;0;0;0;0;0;0;Juan.garces@manpowergroup.com.co;Calle 26 No 69-76 Torre 1 Piso 11 Edificio Elemento;2020-11-29;N/A;VIVIANA RODRIGUEZ;viviana.rodriguez@manpower.com.co;;;Cristian Peñaranda;cristian.penaranda@manpowergroup.com.co;;3057712051
14099;14099004;2023;02;Agencia;Manpower Professional Ltda;Atlántico;Barranquilla;MANPOWER PROFESSIONAL LTDA TRADE CENTER;19;18;1;10;1;9;0;0;0;0;0;0;0;0;0;0;0;0;48;46;2;0;0;0;1;0;1;25;1;24;0;0;0;0;0;0;18;17;1;0;0;0;0;0;0;10;1;9;0;0;0;0;0;0;0;0;0;0;0;0;0;0;0;0;0;0;0;0;0;0;0;0;0;0;0;0;0;0;0;0;0;0;0;0;0;0;0;0;0;0;0;0;0;0;0;0;0;0;0;0;0;0;0;0;0;0;0;0;0;0;0;0;0;0;0;0;0;0;0;0;0;0;0;0;0;0;0;0;0;0;Juan.garces@manpowergroup.com.co;CALLE 76 No 54-11 LOCAL B-15 EDIFICIO WORD TRADE CENTER;2020-11-29;N/A;ANA MARï¿½A MUï¿½OZ;ana.munoz@manpower.com.co;;;Cristian Peñaranda;cristian.penaranda@manpowergroup.com.co;;3057712051
22223;22223007;2023;02;Bolsa;Universidad Cooperativa De Colombia;Santander;Bucaramanga;BUCARAMANGA;403;83;320;403;320;83;0;0;0;0;0;0;0;0;0;0;0;0;0;0;0;0;0;0;0;0;0;0;0;0;0;0;0;0;0;0;0;0;0;0;0;0;0;0;0;0;0;0;0;0;0;0;0;0;6;253;60;193;0;0;0;0;0;0;253;193;60;0;0;0;0;0;0;0;0;0;94;79;15;0;0;0;0;0;0;0;0;0;0;0;0;70;35;35;0;0;0;0;35;35;0;0;0;0;0;0;0;0;0;0;0;0;0;0;0;0;0;0;0;0;0;0;0;0;0;0;0;0;0;0;reina.duque@ucc.edu.co;CALLE 30 A # 33 -51;2020-11-29;Como buena practica se invita a los graduandos a registrarse en la bolsa de empleo y realizar las charlas del portafolio de la red d enlace y apoyo laboral.;Evelin Zulay Suarez Mendoza;bolsaempleo.buc@campusucc.edu.co;;;Evelin Zulay Suarez Mendoza;bolsaempleo.buc@campusucc.edu.co;;
14003;14003003;2023;02;Agencia;Adecco;Bogotá, D.c.;Bogotá, D.c.;PUNTO DE SERVICIO BARRANQUILLA;2128;1119;1009;0;0;0;0;0;0;0;0;0;0;0;0;0;0;0;1092;597;495;0;0;0;0;0;0;0;0;0;0;0;0;0;0;0;364;199;165;0;0;0;0;0;0;252;110;142;0;0;0;0;0;0;185;0;0;0;0;0;0;0;0;0;0;0;0;0;0;0;0;0;0;3;2;1;0;0;0;0;0;0;0;0;0;0;0;0;0;0;0;0;0;0;0;0;0;0;0;0;0;0;0;0;0;0;0;0;0;0;0;0;0;0;0;0;0;0;0;0;5614;0;0;0;0;0;0;0;0;0;Daniella.valencia@adecco.com;AVENIDA CALLE 13 No 65-78;2020-11-29;Se realizó la formación de manera virtual;Daniella  Valencia Yepes;Daniella.valencia@adecco.com;;;Daniella  Valencia Yepes;Daniella.valencia@adecco.com;;
14003;14003001;2023;02;Agencia;Adecco;Antioquia;Medellín;PUNTO DE SERVICIO BARRANQUILLA;32;13;19;0;0;0;0;0;0;0;0;0;0;0;0;0;0;0;372;240;132;0;0;0;0;0;0;0;0;0;0;0;0;0;0;0;124;80;44;0;0;0;0;0;0;68;26;42;0;0;0;0;0;0;77;0;0;0;0;0;0;0;0;0;0;0;0;0;0;0;0;0;0;3;2;1;0;0;0;0;0;0;0;0;0;0;0;0;0;0;0;0;0;0;0;0;0;0;0;0;0;0;0;0;0;0;0;0;0;0;0;0;0;0;0;0;0;0;0;0;1050;0;0;0;0;0;0;0;0;0;Daniella.valencia@adecco.com;CARRERA 43A No 23-73 LOCAL 142;2020-11-29;Se realizó la formación de manera virtual;Daniella  Valencia Yepes;Daniella.valencia@adecco.com;;;Daniella  Valencia Yepes;Daniella.valencia@adecco.com;;
14003;14003007;2023;02;Agencia;Adecco;Caldas;Manizales;PUNTO DE SERVICIO MANIZALES;7;3;4;0;0;0;0;0;0;0;0;0;0;0;0;0;0;0;0;0;0;0;0;0;0;0;0;0;0;0;0;0;0;0;0;0;0;0;0;0;0;0;0;0;0;0;0;0;0;0;0;0;0;0;0;0;0;0;0;0;0;0;0;0;0;0;0;0;0;0;0;0;0;2;0;2;0;0;0;0;0;0;0;0;0;0;0;0;0;0;0;0;0;0;0;0;0;0;0;0;0;0;0;0;0;0;0;0;0;0;0;0;0;0;0;0;0;0;0;0;128;0;0;0;0;0;0;0;0;0;Daniella.valencia@adecco.com;CARRERA 23 No 59-26 LOCAL 3;2020-11-29;Se realizó la formación de manera virtual;Daniella  Valencia Yepes;Daniella.valencia@adecco.com;;;Daniella  Valencia Yepes;Daniella.valencia@adecco.com;;
22112;22112001;2023;02;Bolsa;Universidad Catolica De Colombia;Colombia;Nacional;UNIVERSIDAD CATOLICA DE COLOMBIA - VIRTUAL;98;59;39;0;0;0;0;0;0;0;0;0;0;0;0;0;0;0;73;33;40;0;0;0;0;0;0;0;0;0;0;0;0;0;0;0;3;2;1;0;0;0;0;0;0;0;0;0;0;0;0;0;0;0;177;14;7;7;0;0;0;0;0;0;11;5;6;0;0;0;0;0;0;24;10;14;5;4;1;0;0;0;0;0;0;0;0;0;0;0;0;0;0;0;0;0;0;0;0;0;0;0;0;0;0;0;0;0;0;0;0;0;0;0;0;0;0;0;0;0;0;0;0;0;0;0;0;0;0;0;"empleabilidad@ucatolica.edu.co; egresados@ucatolica.edu.co ";http://mitrabajo.ucatolica.edu.co;2020-11-29;.....;Carolina  Gacia Escobar;empleabilidad@ucatolica.edu.co;;;Carolina  Gacia Escobar;empleabilidad@ucatolica.edu.co;;
14003;14003010;2023;02;Agencia;Adecco;Risaralda;Pereira;PUNTO DE SERVICIO PEREIRA;21;12;9;0;0;0;0;0;0;0;0;0;0;0;0;0;0;0;1479;1092;387;0;0;0;0;0;0;0;0;0;0;0;0;0;0;0;493;364;129;0;0;0;0;0;0;308;73;235;0;0;0;0;0;0;106;0;0;0;0;0;0;0;0;0;0;0;0;0;0;0;0;0;0;0;0;0;0;0;0;0;0;0;0;0;0;0;0;0;0;0;0;0;0;0;0;0;0;0;0;0;0;0;0;0;0;0;0;0;0;0;0;0;0;0;0;0;0;0;0;0;1895;0;0;0;0;0;0;0;0;0;Daniella.valencia@adecco.com;AVENIDA 30 DE AGOSTO No 42-01;2020-11-29;No se realizó la formación de manera virtual;Daniella  Valencia Yepes;Daniella.valencia@adecco.com;;;Daniella  Valencia Yepes;Daniella.valencia@adecco.com;;
22122;22122001;2023;02;Bolsa;Universidad Industrial De Santander;Colombia;Nacional;UNIVERSIDAD INDUSTRIAL DE SANTANDER VIRTUAL;70;45;25;0;0;0;0;0;0;0;0;0;0;0;0;0;0;0;146;105;41;0;0;0;0;0;0;0;0;0;0;0;0;0;0;0;0;0;0;0;0;0;0;0;0;0;0;0;0;0;0;0;0;0;10;3;1;2;0;0;0;0;0;0;0;0;0;0;0;0;0;0;0;0;0;0;0;0;0;0;0;0;0;0;0;0;0;0;0;0;0;0;0;0;0;0;0;0;0;0;0;0;0;0;0;0;0;0;0;0;0;0;0;0;0;0;0;3;2;1;0;0;0;0;0;0;0;0;0;0;empleoegresados@uis.edu.co;http://www.empleos.uis.edu.co/;2020-11-29;OK;David  Leon Esteban;empleoegresados@uis.edu.co;;;David  Leon Esteban;empleoegresados@uis.edu.co;;
14003;14003014;2023;02;Agencia;Adecco;Valle Del Cauca;Cali;PUNTO DE SERVICIO DE CALI;44;20;24;0;0;0;0;0;0;0;0;0;0;0;0;0;0;0;234;108;126;0;0;0;0;0;0;0;0;0;0;0;0;0;0;0;78;36;42;0;0;0;0;0;0;59;35;24;0;0;0;0;0;0;28;0;0;0;0;0;0;0;0;0;0;0;0;0;0;0;0;0;0;5;1;4;0;0;0;0;0;0;0;0;0;0;0;0;0;0;0;0;0;0;0;0;0;0;0;0;0;0;0;0;0;0;0;0;0;0;0;0;0;0;0;0;0;0;0;0;1461;0;0;0;0;0;0;0;0;0;Daniella.valencia@adecco.com;CALLE 44 NORTE No 2FN-28 la merced;2020-11-29;Se realizó la formación de manera virtual;Daniella  Valencia Yepes;Daniella.valencia@adecco.com;;;Daniella  Valencia Yepes;Daniella.valencia@adecco.com;;
14003;14003015;2023;02;Agencia;Adecco;Valle Del Cauca;Palmira;PUNTO DE SERVICIO PALMIRA;44;20;24;0;0;0;0;0;0;0;0;0;0;0;0;0;0;0;297;144;153;0;0;0;0;0;0;0;0;0;0;0;0;0;0;0;99;48;51;0;0;0;0;0;0;61;30;31;0;0;0;0;0;0;47;0;0;0;0;0;0;0;0;0;0;0;0;0;0;0;0;0;0;1;0;1;0;0;0;0;0;0;0;0;0;0;0;0;0;0;0;0;0;0;0;0;0;0;0;0;0;0;0;0;0;0;0;0;0;0;0;0;0;0;0;0;0;0;0;0;589;0;0;0;0;0;0;0;0;0;Daniella.valencia@adecco.com;CARRERA 28 No 30-19 LOCAL 201;2020-11-29;Se realizó la formación de manera virtual;Daniella  Valencia Yepes;Daniella.valencia@adecco.com;;;Daniella  Valencia Yepes;Daniella.valencia@adecco.com;;
14003;14003002;2023;02;Agencia;Adecco;Atlántico;Barranquilla;PUNTO DE SERVICIO BARRANQUILLA;42;22;20;0;0;0;0;0;0;0;0;0;0;0;0;0;0;0;573;231;342;0;0;0;0;0;0;0;0;0;0;0;0;0;0;0;191;77;114;0;0;0;0;0;0;99;57;42;0;0;0;0;0;0;188;0;0;0;0;0;0;0;0;0;0;0;0;0;0;0;0;0;0;3;2;1;0;0;0;0;0;0;0;0;0;0;0;0;0;0;0;0;0;0;0;0;0;0;0;0;0;0;0;0;0;0;0;0;0;0;0;0;0;0;0;0;0;0;0;0;1147;0;0;0;0;0;0;0;0;0;Daniella.valencia@adecco.com;CARRERA 49C No 80-264 LOCAL 4;2020-11-29;Se realizó la formación de manera virtual;Daniella  Valencia Yepes;Daniella.valencia@adecco.com;;;Daniella  Valencia Yepes;Daniella.valencia@adecco.com;;
14003;14003006;2023;02;Agencia;Adecco;Bolívar;Cartagena;PUNTO DE SERVICIO CARTAGENA;17;9;8;0;0;0;0;0;0;0;0;0;0;0;0;0;0;0;339;114;225;0;0;0;0;0;0;0;0;0;0;0;0;0;0;0;113;38;75;0;0;0;0;0;0;61;44;17;0;0;0;0;0;0;82;0;0;0;0;0;0;0;0;0;0;0;0;0;0;0;0;0;0;5;2;3;0;0;0;0;0;0;0;0;0;0;0;0;0;0;0;0;0;0;0;0;0;0;0;0;0;0;0;0;0;0;0;0;0;0;0;0;0;0;0;0;0;0;0;0;470;0;0;0;0;0;0;0;0;0;Daniella.valencia@adecco.com;PLAZUELA C.C SHOPPING CENTER II LOCAL 8;2020-11-29;Se realizó la formación de manera virtual;Daniella  Valencia Yepes;Daniella.valencia@adecco.com;;;Daniella  Valencia Yepes;Daniella.valencia@adecco.com;;
14003;14003012;2023;02;Agencia;Adecco;Santander;Bucaramanga;PUNTO DE SERVICIOS DE BICARAMANGA;14;8;6;0;0;0;0;0;0;0;0;0;0;0;0;0;0;0;303;123;180;0;0;0;0;0;0;0;0;0;0;0;0;0;0;0;101;41;60;0;0;0;0;0;0;62;41;21;0;0;0;0;0;0;92;0;0;0;0;0;0;0;0;0;0;0;0;0;0;0;0;0;0;0;0;0;0;0;0;0;0;0;0;0;0;0;0;0;0;0;0;0;0;0;0;0;0;0;0;0;0;0;0;0;0;0;0;0;0;0;0;0;0;0;0;0;0;0;0;0;432;0;0;0;0;0;0;0;0;0;Daniella.valencia@adecco.com;CARRERA 27 No 36-38 LOCAL 125;2020-11-29;No se realizó la formación;Daniella  Valencia Yepes;Daniella.valencia@adecco.com;;;Daniella  Valencia Yepes;Daniella.valencia@adecco.com;;
14003;14003016;2023;02;Agencia;Adecco;Colombia;Nacional;ADECCO;2349;1226;1123;0;0;0;0;0;0;0;0;0;0;0;0;0;0;0;4689;2649;2040;0;0;0;0;0;0;0;0;0;0;0;0;0;0;0;1563;883;680;0;0;0;970;416;554;0;0;0;0;0;0;0;0;0;805;0;0;0;0;0;0;0;0;0;0;0;0;0;0;0;0;0;0;22;9;13;0;0;0;0;0;0;0;0;0;0;0;0;0;0;0;0;0;0;0;0;0;0;0;0;0;0;0;0;0;0;0;0;0;0;0;0;0;0;0;0;0;0;0;0;12786;0;0;0;0;0;0;0;0;0;Daniella.valencia@adecco.com;https://www.adecco.com.co/;;Se realizó la formación de manera virtual;Daniella  Valencia Yepes;Daniella.valencia@adecco.com;;;Daniella  Valencia Yepes;Daniella.valencia@adecco.com;;
22162;22162001;2023;02;Bolsa;Corporación Universidad De La Costa;Colombia;Nacional;CORPORACIÓN UNIVERSIDAD DE LA COSTA;351;190;161;0;0;0;0;0;0;0;0;0;0;0;0;0;0;0;52;16;36;0;0;0;0;0;0;0;0;0;0;0;0;0;0;0;24;12;12;0;0;0;0;0;0;0;0;0;0;0;0;0;0;0;5;0;0;0;0;0;0;0;0;0;0;0;0;0;0;0;0;0;0;92;40;52;0;0;0;0;0;0;0;0;0;0;0;0;0;0;0;0;0;0;0;0;0;0;0;0;0;0;0;0;0;0;0;0;0;0;0;0;0;0;0;0;0;0;0;0;1;0;0;0;0;0;0;0;0;0;;https://jobboard.universia.net/cucjobs;44492;Ninguna;;;;;Joyce Montero;cucjobs@cuc.edu.co;3015217818;3015217818
22223;22223014;2023;02;Bolsa;Universidad Cooperativa De Colombia;Bogotá, D.c.;Bogotá, D.c.;BOGOTÁ;2666;878;1788;0;0;0;0;0;0;0;0;0;0;0;0;0;0;0;1800;644;1156;0;0;0;0;0;0;0;0;0;0;0;0;0;0;0;0;0;0;0;0;0;0;0;0;0;0;0;0;0;0;0;0;0;22;2;1;1;0;0;0;0;0;0;0;0;0;0;0;0;0;0;0;0;0;0;0;0;0;0;0;0;0;0;0;0;0;0;0;0;0;0;0;0;0;0;0;0;0;0;0;0;0;0;0;0;0;0;0;0;0;0;0;0;0;0;0;0;0;0;0;0;0;0;0;0;0;0;0;0;reina.duque@ucc.edu.co;CALLE 39 No 14-18/Bloque 10;2020-11-29;N/A;Elizabeth Barrgan Barrera;elizabeth.barragan@ucc.edu.co;;;Daniela Gallego;daniela.gallegov@ucc.edu.co;;3218896949
22308;22308001;2023;02;Bolsa;CESA;Colombia;Nacional;CESA;26;15;11;0;0;0;0;0;0;0;0;0;0;0;0;0;0;0;57;39;18;0;0;0;0;0;0;0;0;0;0;0;0;0;0;0;0;0;0;0;0;0;0;0;0;0;0;0;0;0;0;0;0;0;35;4;3;1;0;0;0;0;0;0;0;0;0;0;0;0;0;0;0;16;10;6;0;0;0;0;0;0;0;0;0;0;0;0;0;0;0;0;0;0;0;0;0;0;0;0;0;0;0;0;0;0;0;0;0;0;0;0;0;0;0;0;0;0;0;0;2;0;0;0;0;0;0;0;0;0;egresados@cesa.edu.co;;;En el mes de febrero iniciamos normalmente todas las actividades y eventos para la comunidad, por lo tanto, durante el año tendremos diferentes espacios que promuevan la empleabilidad y la orientación ocupacional;;;;;Katherin Andrea González Romero;egresados@cesa.edu.co;316-4508933;316-4508933
22223;22223009;2023;02;Bolsa;Universidad Cooperativa De Colombia;Santander;Barrancabermeja;UNIVERSIDAD COOPERATIVA DE COLOMBIA;4;2;2;0;0;0;0;0;0;0;0;0;0;0;0;0;0;0;7;3;4;0;0;0;0;0;0;0;0;0;0;0;0;0;0;0;0;0;0;0;0;0;0;0;0;0;0;0;0;0;0;0;0;0;0;0;0;0;0;0;0;0;0;0;0;0;0;0;0;0;0;0;0;0;0;0;0;0;0;0;0;0;0;0;0;0;0;0;0;0;0;0;0;0;0;0;0;0;0;0;0;0;0;0;0;0;0;0;0;0;0;0;0;0;0;0;0;0;0;0;0;0;0;0;0;0;0;0;0;0;;CALLE 57 ENTRE CARRERAS 24 Y 27 BARRIO GALÁN;44492;SIN OBSERVACIONES;Juan Carlos Lizarazo Pinilla;bolsaempleo.bar@campusucc.edu.co;;;Juan Carlos Lizarazo Pinilla;bolsaempleo.bar@campusucc.edu.co;;
21015;21015002;2023;02;Bolsa;Asociacion De Egresados De La Universidad De Los Andes;Colombia;Nacional;EL PUNTO NO ESTA CREADO ;56;34;22;0;0;0;0;0;0;0;0;0;0;0;0;0;0;0;413;215;198;0;0;0;0;0;0;0;0;0;0;0;0;0;0;0;3;2;1;0;0;0;0;0;0;0;0;0;0;0;0;0;0;0;1;113;61;52;0;0;0;0;0;0;0;0;0;0;0;0;0;0;0;132;64;68;0;0;0;0;0;0;0;0;0;0;0;0;0;0;0;132;64;64;0;0;0;0;68;68;0;0;0;0;132;64;64;0;0;0;0;68;68;0;0;0;0;134;71;63;2;0;0;0;0;0;0;0;0;0;"direcciondesarrolloprofesional@uniandinos.org.co; uniandinos@uniandinos.org.co";www.elempleo.com/sitios-empresariales/colombia/uniandinos_old/;2020-11-29;Ninguna por el momento;Monica Maria Cruz Villalba;direcciondesarrolloprofesional@uniandinos.org.co;;;Monica Maria Cruz Villalba;direcciondesarrolloprofesional@uniandinos.org.co;;
22221;22221002;2023;02;Bolsa;Universidad Del Valle;Colombia;Nacional;UNIVERSIDAD DEL VALLE VIRTUAL;110;106;4;0;0;0;0;0;0;0;0;0;0;0;0;0;0;0;373;239;134;0;0;0;0;0;0;0;0;0;0;0;0;0;0;0;0;0;0;0;0;0;0;0;0;0;0;0;0;0;0;0;0;0;6;0;0;0;0;0;0;0;0;0;0;0;0;0;0;0;0;0;0;22;11;11;0;0;0;0;0;0;0;0;0;0;0;0;0;0;0;0;0;0;0;0;0;0;0;0;0;0;0;0;0;0;0;0;0;0;0;0;0;0;0;0;0;0;0;0;0;0;0;0;0;0;0;0;0;0;"Programa.egesados@correounivalle.edu.co; Bolsadeempleo.egresados@correunivalle.edu.co";https://sige.univalle.edu.co;2020-11-29;N/A;Libia Alexandra Perez Quintero;programa.egresados@correounivalle.edu.co;;316 4521029;Libia Alexandra Perez Quintero;programa.egresados@correounivalle.edu.co;;316 4521029
22249;22249002;2023;02;Bolsa;Universidad Santander - Udes;Santander;Bucaramanga;UNIVERSIDAD SANTANDER - UDES;24;13;11;3;0;3;0;0;0;0;0;0;0;0;0;0;0;0;3;0;3;0;0;0;0;0;0;0;0;0;0;0;0;0;0;0;1;0;1;0;0;0;0;0;0;0;0;0;0;0;0;0;0;0;21;0;0;0;0;0;0;0;0;0;0;0;0;0;0;0;0;0;0;86;36;50;0;0;0;0;0;0;0;0;0;0;0;0;0;0;0;0;0;0;0;0;0;0;0;0;0;0;0;0;0;0;0;0;0;0;0;0;0;0;0;0;0;0;0;0;1246;0;0;0;0;0;0;0;0;0;;CALLE 70 No 55-210 Campus universitario Lagos del Cacique, Oficina de graduados, edificio Motilon, piso 2;44492;Ninguna;NADYA CAROLINA PÉREZ CAMACHO;graduados@udes.edu.co;3046754618 - 3125836355;3046754618 - 3125836355;NADYA CAROLINA PÉREZ CAMACHO;graduados@udes.edu.co;3046754618 - 3125836355;3046754618 - 3125836355
22212;22212001;2023;02;Bolsa;Institución Universitaria Colombo Americana-única;Colombia;Nacional;INSTITUCIÓN UNIVERSITARIA COLOMBO AMERICANA-ÚNICA VIRTUAL;2;0;2;2;2;0;0;0;0;0;0;0;0;0;0;0;0;0;0;0;0;0;0;0;0;0;0;0;0;0;0;0;0;0;0;0;2;0;2;0;0;0;0;0;0;0;0;0;0;0;0;0;0;0;1;1;1;0;0;0;0;0;0;0;1;1;0;0;0;0;0;0;0;0;0;0;0;0;0;0;0;0;0;0;0;0;0;0;0;0;0;0;0;0;0;0;0;0;0;0;0;0;0;0;0;0;0;0;0;0;0;0;0;0;0;0;0;0;0;0;0;0;0;0;0;0;0;0;0;0;kaithie.ramirez@unica.edu.co;http://oportunidadeslaborales.unica.edu.co;2020-11-29;No;Kaithie  Ramï¿½rez ;kaithie.ramirez@unica.edu.co;;;Kaithie  Ramï¿½rez ;kaithie.ramirez@unica.edu.co;;
22086;22086002;2023;02;Bolsa;Fundacion Universitaria Konrad Lorenz;Colombia;Nacional;FUNDACION UNIVERSITARIA  KONRAD LORENZ VIRTUAL;10;2;8;0;0;0;0;0;0;0;0;0;0;0;0;0;0;0;75;33;42;0;0;0;0;0;0;0;0;0;0;0;0;0;0;0;0;0;0;0;0;0;0;0;0;0;0;0;0;0;0;0;0;0;4;6;1;5;0;0;0;0;0;0;0;0;0;0;0;0;0;0;0;0;0;0;0;0;0;0;0;0;0;0;0;0;0;0;0;0;0;0;0;0;0;0;0;0;0;0;0;0;0;0;0;0;0;0;0;0;0;0;0;0;0;0;0;0;0;0;2;0;0;0;0;0;0;0;0;0;"ingridt.fuentesa@konradlorenz.edu.co; serviciosgraduados@konradlorenz.edu.co";https://www.elempleo.com/sitios-empresariales/colombia/bu_konrad_lorenz/indez.asp;2020-11-29;El número de Colocación es 0 , dado que a pesar de realizar seguimiento con los potenciales empleadores no recibimos respuesta de muchos de ellos.;Ingrid Tatiana Fuentes Alvarez;ingridt.fuentesa@konradlorenz.edu.co;;;ESTEFANIA VILLAMIL URBANO;serviciosgraduados@konradlorenz.edu.co;;3173644617
22223;22223016;2023;02;Bolsa;Universidad Cooperativa De Colombia;Nariño;Pasto;PASTO;6;1;5;6;5;1;0;0;0;0;0;0;0;0;0;0;0;0;1;0;1;0;0;0;0;0;0;1;1;0;0;0;0;0;0;0;0;0;0;0;0;0;0;0;0;0;0;0;0;0;0;0;0;0;0;31;12;19;0;0;0;0;0;0;31;19;12;0;0;0;0;0;0;117;36;81;117;81;36;0;0;0;0;0;0;0;0;0;0;0;0;117;36;36;0;0;0;0;81;81;0;0;0;0;0;0;0;0;0;0;0;0;0;0;0;0;0;0;0;0;0;1;0;0;0;0;0;0;0;0;reina.duque@ucc.edu.co;CALLE 18 # 47 - 150 TOROBAJO;2020-11-29;Feria Internacional en Pasto;Claudia Ximena Gï¿½mez;bolsaempleo.pas@campusucc.edu.co;;;Claudia Ximena Gï¿½mez;bolsaempleo.pas@campusucc.edu.co;;
22126;22126003;2023;02;Bolsa;Universidad Simon Bolivar;Colombia;Nacional;Punto virtual;264;110;154;0;0;0;0;0;0;0;0;0;0;0;0;0;0;0;355;143;212;0;0;0;0;0;0;0;0;0;0;0;0;0;0;0;2;1;1;0;0;0;0;0;0;0;0;0;0;0;0;0;0;0;17;4;0;4;0;0;0;0;0;0;0;0;0;0;0;0;0;0;0;0;0;0;0;0;0;0;0;0;0;0;0;0;0;0;0;0;0;0;0;0;0;0;0;0;0;0;0;0;0;0;0;0;0;0;0;0;0;0;0;0;0;0;0;0;0;0;0;0;0;0;0;0;0;0;0;0;"dgutierrez@unisimonbolivar.edu.co; lvillanueva9@unisimonbolivar.edu.co";http://portaltrabajo.unisimonbolivar.edu.co;2020-11-29;ninguno;LIZ NAYDÚ VILLANUEVA PATIÑO;egresados@unisimonbolivar.edu.co;;3002217934;LIZ NAYDÚ VILLANUEVA PATIÑO;egresados@unisimonbolivar.edu.co;;3002217934
22331;22331002;2023;02;Bolsa;UNIVERSIDAD DE CÓRDOBA;Colombia;Nacional;UNIVERSIDAD DE CÓRDOBA;1;0;1;0;0;0;0;0;0;0;0;0;0;0;0;0;0;0;1;0;1;0;0;0;0;0;0;0;0;0;0;0;0;0;0;0;1;0;1;0;0;0;0;0;0;0;0;0;0;0;0;0;0;0;0;0;0;0;0;0;0;0;0;0;0;0;0;0;0;0;0;0;0;0;0;0;0;0;0;0;0;0;0;0;0;0;0;0;0;0;0;0;0;0;0;0;0;0;0;0;0;0;0;0;0;0;0;0;0;0;0;0;0;0;0;0;0;0;0;0;0;0;0;0;0;0;0;0;0;0;;Carrera 6 No. 77-305 Sede Central Bloque 27;;para el reporte del mes de febrero, estos fueron los indicadores ya que venimos de un semestre atipico por paros internos de la institucion, los cuales han limitado el impulso de usuarios y empleadores;;;;;Luis Moreno;lmorenodiaz@correo.unicordoba.edu.co;;3043551985
22331;22331001;2023;02;Bolsa;UNIVERSIDAD DE CÓRDOBA;Córdoba;Montería;UNIVERSIDAD DE CÓRDOBA;0;0;0;0;0;0;0;0;0;0;0;0;0;0;0;0;0;0;0;0;0;0;0;0;0;0;0;0;0;0;0;0;0;0;0;0;0;0;0;0;0;0;0;0;0;0;0;0;0;0;0;0;0;0;0;0;0;0;0;0;0;0;0;0;0;0;0;0;0;0;0;0;0;0;0;0;0;0;0;0;0;0;0;0;0;0;0;0;0;0;0;0;0;0;0;0;0;0;0;0;0;0;0;0;0;0;0;0;0;0;0;0;0;0;0;0;0;0;0;0;0;0;0;0;0;0;0;0;0;0;;Carrera 6 No. 77-305 Sede Central Bloque 27;;para el mes de febrero, este fue el reporte, ya que venimos de un semestre atipico en la universidad y la reactivación ha sido lenta;;;;;Luis Moreno;lmorenodiaz@correo.unicordoba.edu.co;;3043551985
22111;22111002;2023;02;Bolsa;Universidad Autónoma De Bucaramanga;Colombia;Nacional;Universidad Autonoma de Bucaramanga-Virtual Restringido;26;9;17;0;0;0;0;0;0;0;0;0;0;0;0;0;0;0;15;9;6;0;0;0;0;0;0;0;0;0;0;0;0;0;0;0;3;1;2;0;0;0;0;0;0;0;0;0;0;0;0;0;0;0;18;0;0;0;0;0;0;0;0;0;0;0;0;0;0;0;0;0;0;0;0;0;0;0;0;0;0;0;0;0;0;0;0;0;0;0;0;0;0;0;0;0;0;0;0;0;0;0;0;0;0;0;0;0;0;0;0;0;0;0;0;0;0;0;0;0;0;0;0;0;0;0;0;0;0;0;"mperalta@unab.edu.co; graduados@unab.edu.co";www.unab.edu.co/graduados;2020-11-29;MUCHAS GRACIAS - BOLSA DE EMPLEO UNIVERSIDAD AUTONOMA DE BUCARAMANGA-UNAB;LUZ YAQUELINE HERNANDEZ CASTAÑEDA;graduados@unab.edu.co;;3172702819;LUZ YAQUELINE HERNANDEZ CASTAÑEDA;graduados@unab.edu.co;;3172702819
22133;22133009;2023;02;Bolsa;Corporación Universitaria Minuto De Dios-uniminuto;Colombia;Nacional;CORPORACIÓN UNIVERSITARIA MINUTO DE DIOS-UNIMINUTO;31;23;8;0;0;0;0;0;0;0;0;0;0;0;0;0;0;0;27;11;16;0;0;0;0;0;0;0;0;0;0;0;0;0;0;0;6;4;2;0;0;0;0;0;0;0;0;0;0;0;0;0;0;0;3;4;3;1;0;0;0;0;0;0;0;0;0;0;0;0;0;0;0;0;0;0;0;0;0;0;0;0;0;0;0;0;0;0;0;0;0;0;0;0;0;0;0;0;0;0;0;0;0;0;0;0;0;0;0;0;0;0;0;0;0;0;0;0;0;0;0;1;0;0;0;0;0;0;0;0;gina.santana@uniminuto.edu;http://empleabilidad.uniminuto.edu;2021-03-19;puntos virtuales de atención, Barranquilla, Buga, Cúcuta;HUMBERTO PUELLO;hpuello@uniminuto.edu;;3005791599;HUMBERTO PUELLO;hpuello@uniminuto.edu;;3005791599
14310;14310001;2023;02;Agencia;ALENTI S.A.S;Colombia;Nacional;Allenti S.A.S;7036;2851;4185;0;0;0;0;0;0;0;0;0;0;0;0;0;0;0;11022;4665;6357;0;0;0;0;0;0;0;0;0;0;0;0;0;0;0;12;2;10;0;0;0;0;0;0;0;0;0;0;0;0;0;0;0;0;0;0;0;0;0;0;0;0;0;0;0;0;0;0;0;0;0;0;0;0;0;0;0;0;0;0;0;0;0;0;0;0;0;0;0;0;0;0;0;0;0;0;0;0;0;0;0;0;0;0;0;0;0;0;0;0;0;0;0;0;0;0;0;0;0;0;0;0;0;0;0;0;0;0;0;;;2021-05-06 ;Se esta organizando para realizar ferias de empleabilidad de manera presencial en las ciudades.;LILIANA BARBOSA CIFUENTES;liliana.barbosa@alentti.com;3163000576;3163000576;LILIANA BARBOSA CIFUENTES;liliana.barbosa@alentti.com;3163000576;3163000576
14167;14167002;2023;02;Agencia;Ackermann International Colombia Sas;Bogotá, D.c.;Bogotá, D.c.;ACKERMANN INTERNATIONAL COLOMBIA SAS;29;17;12;0;0;0;0;0;0;0;0;0;0;0;0;0;0;0;10;5;5;0;0;0;0;0;0;0;0;0;0;0;0;0;0;0;2;1;1;0;0;0;0;0;0;0;0;0;0;0;0;0;0;0;1;10;5;5;0;0;0;0;0;0;0;0;0;0;0;0;0;0;0;0;0;0;0;0;0;0;0;0;0;0;0;0;0;0;0;0;0;0;0;0;0;0;0;0;0;0;0;0;0;0;0;0;0;0;0;0;0;0;0;0;0;0;0;0;0;0;0;0;0;0;0;0;0;0;0;0;http://www.ackermanninternational.com/;Calle 98 - 22 64 Oficina 805 Bogotá DC;2021-06-16;Ninguna;Vivian  Lavastidas ;vlabastidas@ackermanninternational.com;;;Vivian  Lavastidas ;vlabastidas@ackermanninternational.com;;
